Año,Trimestre,Provincia,ADSL,Cablemodem,Fibra óptica,Wireless,Otros,Total,Mbps (Media de bajada),Accesos por cada 100 hogares,Accesos por cada 100 hab
2022,4,Buenos Aires,325908,2767247,1499149,129910,72451,4794665,111.0,78.94,26.72
2022,4,Capital Federal,138753,1238196,138548,4603,31826,1551926,182.86,122.73,50.35
2022,4,Catamarca,8952,10998,47337,1379,2243,70909,83.33,65.77,16.73
2022,4,Chaco,24582,61265,47285,7957,2574,143663,104.02,43.62,11.66
2022,4,Chubut,45450,73923,9815,30721,8850,168759,15.92,85.57,26.23
2022,4,Córdoba,152265,456947,367393,61631,11424,1049660,108.77,89.03,27.26
2022,4,Corrientes,34038,80283,26752,9082,5298,155453,94.72,51.64,13.6
2022,4,Entre Ríos,55507,135746,40798,26414,12509,270974,87.47,64.01,19.14
2022,4,Formosa,13735,17068,13118,17692,227,61840,72.03,39.41,10.03
2022,4,Jujuy,17880,52390,42626,4067,1255,118218,39.32,58.46,14.95
2022,4,La Pampa,7785,60566,24552,19995,1266,114164,19.1,94.8,31.23
2022,4,La Rioja,6120,54387,19328,6395,32,86262,61.0,79.86,21.26
2022,4,Mendoza,37655,77814,147080,27607,1948,292104,38.76,51.36,14.33
2022,4,Misiones,33204,87202,46885,11075,7903,186269,91.24,52.85,14.39
2022,4,Neuquén,28609,72679,31567,23815,3510,160180,95.37,78.67,23.41
2022,4,Río Negro,34043,48401,43958,16277,19413,162092,75.31,68.42,21.04
2022,4,Salta,36939,97023,53470,11884,6544,205860,75.93,57.96,14.04
2022,4,San Juan,38570,22913,12491,21912,7940,103826,16.39,50.88,12.96
2022,4,San Luis,6283,43460,3409,81557,511,135220,30.67,90.27,25.83
2022,4,Santa Cruz,9702,23876,12217,3746,662,50203,14.33,43.53,12.95
2022,4,Santa Fe,163621,412157,248558,44113,19242,887691,90.3,78.4,24.65
2022,4,Santiago Del Estero,13577,80955,15117,6911,2934,119494,34.4,48.05,11.92
2022,4,Tierra Del Fuego,12754,41293,405,157,651,55260,13.48,101.44,30.07
2022,4,Tucumán,69441,20668,168717,4069,527,263422,88.33,61.04,15.12
2022,3,Buenos Aires,339648,2748325,1436433,126846,70416,4721668,70.19,78.11,26.37
2022,3,Capital Federal,140791,1240125,129218,5758,31787,1547679,101.05,122.28,50.22
2022,3,Catamarca,10010,10495,46224,1329,2235,70293,60.99,65.33,16.62
2022,3,Chaco,27164,61800,44645,8178,2359,144146,53.21,43.86,11.72
2022,3,Chubut,45377,72212,9574,29784,8831,165778,15.57,84.38,25.86
2022,3,Córdoba,163770,465461,338570,61070,9797,1038668,56.32,88.31,27.04
2022,3,Corrientes,36508,77140,18619,7256,5323,144846,45.07,48.21,12.69
2022,3,Entre Ríos,60345,132952,36971,26098,12593,268959,42.49,63.67,19.04
2022,3,Formosa,14470,25880,11041,16935,212,68538,30.35,43.76,11.14
2022,3,Jujuy,19257,52978,40172,4033,2383,118823,32.43,58.91,15.06
2022,3,La Pampa,7796,60078,23551,20216,4451,116092,18.1,96.59,31.82
2022,3,La Rioja,6842,53899,19697,6395,31,86864,44.3,80.66,21.47
2022,3,Mendoza,37659,78858,142615,27625,2766,289523,34.16,51.03,14.24
2022,3,Misiones,35513,88902,39046,11074,7622,182157,49.3,51.82,14.11
2022,3,Neuquén,29352,75815,29396,27482,1116,163161,47.81,80.37,23.92
2022,3,Río Negro,35552,48260,41017,16760,18969,160558,34.13,67.98,20.91
2022,3,Salta,40006,96984,50254,10082,7215,204541,41.33,57.76,13.99
2022,3,San Juan,38570,22723,12328,21860,7918,103399,15.84,50.8,12.94
2022,3,San Luis,6860,29363,248,70614,14985,122070,19.33,81.74,23.39
2022,3,Santa Cruz,10170,24047,10815,3896,582,49510,12.6,43.19,12.85
2022,3,Santa Fe,183740,426255,215189,43079,19547,887810,45.15,78.55,24.7
2022,3,Santiago Del Estero,15385,80937,13170,6618,2922,119032,17.69,47.98,11.91
2022,3,Tierra Del Fuego,12754,39963,403,125,651,53896,11.01,99.51,29.5
2022,3,Tucumán,77738,18518,162345,3997,519,263117,53.36,61.14,15.14
2022,2,Buenos Aires,350652,2719613,1399043,126847,71028,4667183,65.5,77.58,26.12927127832741
2022,2,Capital Federal,145491,1232226,121506,5757,31791,1536771,93.97,121.31,49.87356125626109
2022,2,Catamarca,11928,9430,42087,1329,2234,67008,56.56,62.4,15.871790195247083
2022,2,Chaco,29552,61284,42194,8178,2356,143564,50.61,43.79,11.70254390369554
2022,2,Chubut,45377,69242,9574,29784,8828,162805,14.91,83.19,25.499919336270644
2022,2,Córdoba,179181,467595,308895,61107,9657,1026435,53.51,87.48,26.781590841133493
2022,2,Corrientes,38468,75769,18181,7256,5323,144997,43.31,48.35,12.732146965383649
2022,2,Entre Ríos,63794,131029,35839,26098,12592,269352,40.03,63.9,19.10468595065942
2022,2,Formosa,15397,25487,9875,16910,212,67881,28.47,43.42,11.049814591140091
2022,2,Jujuy,20303,54495,34184,3955,2377,115314,29.39,57.32,14.656913524540675
2022,2,La Pampa,7796,59273,22994,20200,1264,111527,16.07,92.98,30.632721559665782
2022,2,La Rioja,7759,52656,19189,6395,31,86030,43.28,80.14,21.331409216914373
2022,2,Mendoza,37663,77504,135504,26964,1927,279562,29.72,49.39,13.782233784570575
2022,2,Misiones,37208,89260,33649,11074,7622,178813,46.23,51.0,13.89002818196789
2022,2,Neuquén,29749,74905,28824,27371,1119,161968,46.53,80.02,23.81745752817118
2022,2,Río Negro,36050,47040,40946,16760,18968,159764,33.26,67.85,20.8675435273834
2022,2,Salta,42665,96178,47076,10068,7190,203177,38.77,57.54,13.936010557448652
2022,2,San Juan,38570,19734,12328,21859,7916,100407,14.44,49.46,12.597912455631214
2022,2,San Luis,6860,29034,248,70614,14985,121741,19.32,81.76,23.396972678771853
2022,2,Santa Cruz,10170,23725,10815,3896,579,49185,11.81,43.15,12.83962283852644
2022,2,Santa Fe,198492,428233,189503,43081,19550,878859,42.01,77.9,24.495906799164608
2022,2,Santiago Del Estero,16561,80338,11605,6618,2922,118044,16.34,47.7,11.836737968128928
2022,2,Tierra Del Fuego,12754,39837,403,125,651,53770,10.97,99.86,29.60495526496903
2022,2,Tucumán,85893,15327,148823,3997,487,254527,50.09,59.31,14.6914572899128
2022,1,Buenos Aires,392045,2728865,1242121,125521,66872,4555424,62.51,76.07814661157262,25.56303015202836
2022,1,Capital Federal,102290,1217225,62308,5784,29934,1417541,88.22,111.79786269174652,46.01434762144353
2022,1,Catamarca,14181,15517,29118,1328,2234,62378,51.22,58.20635083561171,14.805619574995312
2022,1,Chaco,32391,64546,36662,8164,2356,144119,45.84,44.05948009941883,11.775342040436144
2022,1,Chubut,44133,66667,9184,30592,21052,171628,13.4,88.05274093835774,26.9887596631044
2022,1,Córdoba,195610,501799,235838,60843,9713,1003803,49.89,85.75745356313551,26.255262218351167
2022,1,Corrientes,40462,79093,10875,6774,5374,142578,38.11,47.644635141502334,12.545281287312791
2022,1,Entre Ríos,67159,138986,23091,26098,12592,267926,35.59,63.70090347123158,19.04540527092108
2022,1,Formosa,16397,15927,5146,16876,202,54548,30.28,34.955686995751336,8.896427435598431
2022,1,Jujuy,21307,60616,25949,4662,3975,116509,27.69,58.06462866426784,14.847641828629394
2022,1,La Pampa,8003,58978,21739,19903,1109,109732,14.84,91.66332531408716,30.20041503140257
2022,1,La Rioja,9103,59228,9546,6395,31,84303,41.37,78.77459866564503,20.96917417226944
2022,1,Mendoza,49464,74145,123228,26969,1379,275185,26.2,48.73524093558345,13.5994765497552
2022,1,Misiones,39147,91752,25178,7807,7624,171508,41.87,49.04334199772953,13.357539336702546
2022,1,Neuquén,28443,73200,24193,23098,745,149679,43.05,74.17305509992715,22.07746042609429
2022,1,Río Negro,38662,45366,38037,16815,18494,157374,31.09,67.03640754987029,20.61822984084394
2022,1,Salta,44714,98667,40994,5950,7190,197515,36.71,56.10759340849759,13.588166053353753
2022,1,San Juan,34038,14449,11294,20723,7674,88178,11.99,43.54598160933163,11.092116468606635
2022,1,San Luis,7987,11296,31,71809,28721,119844,20.95,80.72423060601774,23.101656231687382
2022,1,Santa Cruz,10537,23420,10766,3974,405,49102,10.89,43.33842311053054,12.894297328809571
2022,1,Santa Fe,213486,444609,146552,45261,20571,870479,38.89,77.30458474758402,24.30739699893441
2022,1,Santiago Del Estero,18118,87979,1093,6349,2922,116461,14.5,47.17273839324049,11.706882132029495
2022,1,Tierra Del Fuego,13031,38700,416,124,340,52611,10.73,98.29055038672794,29.13865104068589
2022,1,Tucumán,92532,62396,86174,3995,487,245584,47.24,57.39003227231194,14.215533334298076
2021,4,Buenos Aires,426325,2706506,1176024,126887,73415,4509157,60.2091238315554,75.66410602338475,25.36251411440295
2021,4,Capital Federal,111360,1205128,60005,5679,29947,1412119,82.94995496542248,111.27002612891737,45.848510714562856
2021,4,Catamarca,16385,13858,25100,1512,2235,59090,46.380057758939095,55.2526999859741,14.054223759225389
2021,4,Chaco,35548,63145,34688,8005,2359,143745,42.342637514688604,44.04856389025934,11.772399458164148
2021,4,Chubut,46361,57412,9655,28041,18839,160308,9.082660638555469,82.57340063871433,25.309325144656967
2021,4,Córdoba,212011,487489,217214,61277,8779,986770,46.36090745799214,84.50941853046088,25.873153715537683
2021,4,Corrientes,42523,71183,10138,6778,5290,135912,35.772659194287044,45.51016102946347,11.983198552620909
2021,4,Entre Ríos,70459,133387,23452,25022,12726,265046,33.31712584167462,63.15536143616578,18.88227767661483
2021,4,Formosa,17211,15111,5151,16018,172,53663,28.75764894769421,34.4545746388443,8.768865242200624
2021,4,Jujuy,22330,60511,24156,2927,3991,113915,27.14434303841708,56.921070514870486,14.555241944242493
2021,4,La Pampa,8175,58000,20192,19286,1354,107007,13.853882842854397,89.56734270241313,29.509892061530994
2021,4,La Rioja,10387,56651,9446,6613,31,83128,39.69594513667998,77.9234900964576,20.74238205028396
2021,4,Mendoza,59842,71553,109667,24666,1859,267587,22.23158340100516,47.50531709031775,13.25625900699059
2021,4,Misiones,41778,92068,22035,7649,7602,171132,38.90334925090757,49.06462073058497,13.363319043268442
2021,4,Neuquén,29175,72761,23253,21531,746,147466,40.092530111167584,73.30016254020012,21.817563119077384
2021,4,Río Negro,42037,44495,32212,16558,18451,153753,27.20317045489215,65.69489961160652,20.205613568445425
2021,4,Salta,46972,99808,39555,5882,7188,199405,33.940639744985226,56.81442605762217,13.759337691497716
2021,4,San Juan,35868,13102,11072,11423,8493,79958,11.05274930815778,39.588851864871685,10.084133235970333
2021,4,San Luis,8472,11064,30,70560,28723,118849,20.90972444801464,80.29578283135379,22.97895624197615
2021,4,Santa Cruz,10790,22902,10031,4346,417,48486,8.990650984477549,43.05121466117346,12.808821353847454
2021,4,Santa Fe,233427,444373,128856,43556,16229,866441,36.024023837275145,77.08920179439227,24.23965799751964
2021,4,Santiago Del Estero,19032,86563,1088,6256,2922,115861,13.84088684951507,47.0459491943867,11.675440470480114
2021,4,Tierra Del Fuego,13317,38148,426,124,342,52357,10.696704944050463,98.40061644865432,29.171007839182543
2021,4,Tucumán,97830,59022,78790,2511,486,238639,45.14812243339947,55.92599102424391,13.852880446424065
2021,3,Buenos Aires,585729,2595485,885613,120228,64554,4251609,56.25755092469591,71.68218940101933,23.96989190399953
2021,3,Capital Federal,142902,1192107,42966,6059,29371,1413405,77.71207106907312,111.27105514250894,45.90038346526859
2021,3,Catamarca,18413,11709,22331,1568,2233,56254,43.43333599763174,52.70979348600128,13.407472376612356
2021,3,Chaco,38258,63659,27583,8018,2353,139871,39.113135809207584,42.96241007967663,11.48213456009956
2021,3,Chubut,49269,55794,8946,23376,18681,156066,8.176860363136605,80.70973847657562,24.738375502880167
2021,3,Córdoba,229275,477223,167495,57617,15178,946788,41.92778724566202,81.2845665540848,24.88595762867568
2021,3,Corrientes,44805,69403,7542,6766,5303,133819,32.16890082785829,44.90088312664412,11.8228555121759
2021,3,Entre Ríos,74443,128752,20485,23500,13195,260375,29.60123187949277,62.17940145385769,18.590565595869126
2021,3,Formosa,18093,14111,4730,15690,171,52795,26.68942678494665,33.962033540684324,8.643582187295351
2021,3,Jujuy,23554,60758,19926,2952,3968,111158,25.980702520297545,55.6892647441935,14.240381868423986
2021,3,La Pampa,9015,57881,17817,14479,1295,100487,12.99161507240359,84.27996309653611,27.767891191051227
2021,3,La Rioja,11329,54744,9444,6613,30,82160,38.86795185445044,77.26016061386845,20.565964530219404
2021,3,Mendoza,91474,71247,70579,21811,828,255939,13.365156173184468,45.54828468056102,12.710228113581037
2021,3,Misiones,43230,89469,10969,7198,7662,158528,30.87871831426499,45.57065365808786,12.411772581325812
2021,3,Neuquén,29650,73794,16455,19270,640,139809,38.34222315428742,69.70653344501615,20.74816202113861
2021,3,Río Negro,47934,44519,18725,15031,18376,144585,25.400065197148727,61.967213114754095,19.05925062746504
2021,3,Salta,49212,98318,36126,5724,6453,195833,31.209681857038827,55.9642780595842,13.55352602212216
2021,3,San Juan,40072,12922,6670,11372,8447,79483,7.041300820394967,39.4554480019856,10.050236642022517
2021,3,San Luis,8417,11884,27,68856,28680,117864,21.69870707116376,79.87043349212911,22.857408818789526
2021,3,Santa Cruz,12347,22961,6328,4269,3071,48976,7.692326941812981,43.74732028012005,13.016254371883871
2021,3,Santa Fe,245929,443156,93412,43447,15640,841584,33.13229624738131,75.01704762728227,23.58815244581783
2021,3,Santiago Del Estero,19939,85535,909,6147,2928,115458,13.352723533519551,47.0,11.660736690891678
2021,3,Tierra Del Fuego,12853,36958,6,16,390,50223,9.52,94.95386825985028,28.150170112829368
2021,3,Tucumán,104489,53868,70964,2408,743,232472,42.10118530571482,54.63604486100796,13.533446775711845
2021,2,Buenos Aires,603255,2503830,854173,113546,57547,4132351,52.75542937003713,70.00330336027972,23.35247372787298
2021,2,Capital Federal,148989,1175097,41318,5580,29371,1400355,72.74675003231476,110.14440203212098,45.48719048129489
2021,2,Catamarca,20305,9426,22331,1449,2233,55744,42.18506376779111,52.34030966263861,13.313748671467298
2021,2,Chaco,39826,62948,27584,8018,2353,140729,37.39690959622207,43.32762729293539,11.580041340539402
2021,2,Chubut,49271,41497,6081,23682,18706,139237,7.67690621713348,72.29410481936469,22.159781771420207
2021,2,Córdoba,239780,467782,151855,55944,15519,930880,39.59011648994794,80.11518795931242,24.528406291253745
2021,2,Corrientes,46648,67262,3731,6557,5303,129501,30.368054802005656,43.5411637336848,11.46506458012956
2021,2,Entre Ríos,77836,124957,17856,23786,13197,257632,27.61897306203556,61.660264464787886,18.435680632917915
2021,2,Formosa,19571,12509,3610,15690,171,51551,23.96630452806761,33.22548419322613,8.456293049570467
2021,2,Jujuy,24738,60800,19611,2731,3968,111848,25.812477856862227,56.182157011467694,14.366784069218694
2021,2,La Pampa,9017,57014,17132,13209,1295,97667,12.27922373804818,82.08000672325404,27.043558440191944
2021,2,La Rioja,11627,54255,9445,6245,30,81602,38.53489438300775,76.9786615851933,20.49158509575061
2021,2,Mendoza,91503,70834,44696,21811,827,229671,13.465987205003026,40.97324182617088,11.433847066800618
2021,2,Misiones,44960,87861,10376,5317,7662,156176,28.682221735396933,45.0128113119994,12.26014659485293
2021,2,Neuquén,30083,72690,15619,19218,640,138250,36.10972145846688,69.14021084638621,20.58023612564588
2021,2,Río Negro,48189,43761,18727,15031,18376,144084,23.74844668144268,61.94204057417748,19.0520518601284
2021,2,Salta,51396,96016,32050,5724,6453,191639,29.239354220742428,54.930090174788894,13.303441391384512
2021,2,San Juan,40072,12369,6673,11372,8447,78933,6.993162601626016,39.28402570062062,10.00671906693712
2021,2,San Luis,8417,11308,28,66860,36205,122818,21.66188998963924,83.47810720063075,23.89055527674358
2021,2,Santa Cruz,12347,22967,6328,4269,3071,48982,7.629667005202396,44.01491665543425,13.096756425784957
2021,2,Santa Fe,256741,431915,90424,43997,17523,840600,30.7018831645519,75.06878626293008,23.60478745301367
2021,2,Santiago Del Estero,20734,83770,909,5081,3596,114090,12.718797838683304,46.557275364921054,11.554388875216851
2021,2,Tierra Del Fuego,12853,22504,6,14,316,35693,8.591921426483484,67.88580775229184,20.126647945777083
2021,2,Tucumán,110429,48359,71683,1837,743,233051,40.30992032851357,54.928196510348045,13.606163819728009
2021,1,Buenos Aires,629679,2452056,821597,98806,57864,4060002,50.78565608506508,69.10524076185938,22.99835397576201
2021,1,Capital Federal,159805,1145093,39980,5559,29236,1379673,68.29026886796898,108.4199392232935,44.82699016464177
2021,1,Catamarca,26316,4409,18688,322,2233,51968,39.96652623965282,48.89909292784824,12.438278918256517
2021,1,Chaco,43214,61251,25426,8004,1875,139770,33.6262012999863,43.13649241708794,11.528896477487844
2021,1,Chubut,45501,40960,3444,23723,18712,132340,7.531527409144197,68.9942808881567,21.147838315076264
2021,1,Córdoba,260350,444695,134634,54137,17065,910881,36.16879932843764,78.59028062380018,24.061371645661502
2021,1,Corrientes,49160,62876,3337,5949,5303,126625,25.985171359720063,42.664128438821415,11.234115869536096
2021,1,Entre Ríos,83688,118424,16846,20836,12169,251963,23.87133437318357,60.439449728342346,18.07058172150436
2021,1,Formosa,20663,11412,2562,15669,380,50686,20.98032750697521,32.732955756327215,8.330895284429907
2021,1,Jujuy,32254,54324,17322,2677,3879,110456,26.777362312404005,55.63244789620541,14.226045966500736
2021,1,La Pampa,8946,58711,15779,12369,1300,97105,10.728511929531797,81.77676345752207,26.943299898725044
2021,1,La Rioja,17363,34984,1,250,30,52628,12.697554732181876,49.80693519079345,13.258360163449572
2021,1,Mendoza,91844,69295,38619,18332,833,218923,12.599361245254226,39.153661528996416,10.926002451479471
2021,1,Misiones,48292,82339,7064,4796,6896,149387,25.076826126081443,43.172438905971845,11.758811611223322
2021,1,Neuquén,30223,70457,14171,17752,632,133235,34.23850264753642,66.84208942045272,19.895917331182982
2021,1,Río Negro,48777,42192,17828,13994,18377,141168,21.92390676083096,60.87924030325769,18.724905657874665
2021,1,Salta,54768,89187,31498,5669,6452,187574,27.31884069404982,53.93001926339093,13.061128426236175
2021,1,San Juan,40072,11589,6671,11482,8453,78267,6.910089995382067,39.055194335357605,9.948368694803314
2021,1,San Luis,8417,10678,28,63826,36205,119154,21.594379804710776,81.23730177127507,23.24883515831701
2021,1,Santa Cruz,12347,23089,5975,4264,390,46065,7.501531847531764,41.64783103990742,12.391825403443834
2021,1,Santa Fe,277012,421480,70976,39140,17519,826127,28.130630073152936,73.91656407026184,23.242382186130484
2021,1,Santiago Del Estero,26468,75849,570,5158,3596,111641,11.584174516498134,45.67308282365455,11.334871169032644
2021,1,Tierra Del Fuego,12853,27247,6,0,316,40422,8.734752396277898,77.34935609177366,22.9312154304354
2021,1,Tucumán,147199,12185,69954,1834,740,231912,37.97961958190828,54.81892254125389,13.57896382467824
2020,4,Buenos Aires,635651,2441248,804991,93444,57927,4033261,50.00838083963576,68.97702220170737,22.90151153254686
2020,4,Capital Federal,163060,1142528,39890,4815,29237,1379530,67.32513676879374,108.31107489043508,44.8339684267828
2020,4,Catamarca,26870,5115,17856,322,2233,52396,37.6500877273544,49.40688354549741,12.567459308545084
2020,4,Chaco,44332,61200,23687,7997,1875,139091,32.45204676418101,43.03078864977911,11.50064617804086
2020,4,Chubut,45703,39756,3040,23363,18712,130574,7.383087626414736,68.35189915825622,20.95087117462161
2020,4,Córdoba,267396,439322,125620,52827,17536,902701,35.120601241883946,78.07960876338194,23.904978675681004
2020,4,Corrientes,50102,61495,3146,5626,5290,125659,25.446700896630592,42.42828394694903,11.172002734788627
2020,4,Entre Ríos,85683,113670,15653,20206,12169,247381,24.05327825306045,59.47430676097378,17.78197083072765
2020,4,Formosa,21264,10789,2432,15341,380,50206,19.6983490087788,32.487381907596735,8.268390853815193
2020,4,Jujuy,32850,52815,15639,1077,3470,105851,25.20639328416149,53.45659123390888,13.66962311713536
2020,4,La Pampa,9009,58945,15432,12194,1315,96895,9.875605170860927,81.76793248945148,26.9404221718048
2020,4,La Rioja,17513,34984,1,250,30,52778,12.534655980598345,50.11061211701148,13.339129511730942
2020,4,Mendoza,91842,68364,36083,18331,833,215453,11.093171319457166,38.62957896227819,10.779753857792285
2020,4,Misiones,49462,79855,6589,4359,6896,147161,24.956617779680364,42.64411416119227,11.614898792582805
2020,4,Neuquén,30468,70614,13732,17689,632,133135,33.90786486677393,67.00234522048092,19.943555550895127
2020,4,Río Negro,48991,42022,17826,13994,18377,141210,21.636719189849995,61.08861548045476,18.789319055171752
2020,4,Salta,56659,87817,30604,5858,6452,187390,25.32243965074473,54.04275200147659,13.088389057411083
2020,4,San Juan,40072,7004,6599,10468,8453,72596,6.412867397953183,36.32088215575813,9.251858120163536
2020,4,San Luis,8417,11767,27,63019,36205,119435,21.252954082189127,81.67947806105701,23.375314368474104
2020,4,Santa Cruz,12347,19657,1041,4659,2970,40674,7.492108628119051,36.99957245908797,11.008682660661702
2020,4,Santa Fe,287271,414746,62692,38712,17392,820813,27.294352446215623,73.58073807267776,23.136769743176902
2020,4,Santiago Del Estero,26812,70522,570,5169,3596,106669,11.280765527511996,43.749256620689934,10.857437164805166
2020,4,Tierra Del Fuego,12853,26439,6,0,316,39614,8.486806949337868,76.26583496977399,22.609569143137627
2020,4,Tucumán,149322,11150,68043,1834,740,231089,36.44224682915296,54.78340441369959,13.57016980842894
2020,3,Buenos Aires,653930,2384557,749087,94162,55541,3937277,48.37662390811511,67.65618983090923,22.410088053440287
2020,3,Capital Federal,170375,1129573,39417,3936,29374,1372675,63.80852025607172,107.6759011657323,44.62274289719256
2020,3,Catamarca,26868,3690,16857,261,2228,49904,36.540436607329845,47.15709898417198,11.995288801288368
2020,3,Chaco,45745,58825,20675,6706,2003,133954,30.802726948564217,41.54192057806515,11.102767361905425
2020,3,Chubut,45761,39386,2897,23216,18767,130027,7.402074441844787,68.34389815720037,20.94871530485329
2020,3,Córdoba,276360,430771,102217,48368,9756,867472,33.51119497419789,75.22035723669207,23.029708353509868
2020,3,Corrientes,50858,58681,2960,5513,5379,123391,23.851523971242955,41.750749470464434,10.993613616681577
2020,3,Entre Ríos,87892,106950,13954,20379,12320,241495,22.432598646206184,58.1901640924315,17.398110879051448
2020,3,Formosa,21790,10003,2000,15023,393,49209,18.2828320694304,31.90562331018653,8.120337229392224
2020,3,Jujuy,32611,57682,11112,952,4371,106728,21.91041968686996,54.04441923820905,13.820037033679933
2020,3,La Pampa,9015,56845,14677,11893,1305,93735,10.697630905402091,79.26447706670275,26.11570201882304
2020,3,La Rioja,17346,34984,1,250,35,52616,12.194703767058195,50.11811323630268,13.341312020771634
2020,3,Mendoza,91908,64672,32817,17523,868,207788,10.18749103459563,37.348633137232696,10.422355488053226
2020,3,Misiones,50195,77989,2572,3445,8985,143186,24.14176187252152,41.60448628544863,11.331798537010409
2020,3,Neuquén,30222,70446,11043,16787,737,129235,31.46090402703376,65.24417025530218,19.42045929269766
2020,3,Río Negro,49530,40001,10381,13187,18368,131467,21.07777870325876,57.05240591584501,17.54802558517
2020,3,Salta,58216,84128,25445,5764,7293,180846,25.261155924027737,52.31571212848803,12.670239307125406
2020,3,San Juan,40092,9223,5509,14023,8480,77327,6.027864793582682,38.78995525412846,9.88083251128296
2020,3,San Luis,8401,10077,6,61828,36253,116565,20.84992813378867,79.96172209417188,22.8839263803681
2020,3,Santa Cruz,12845,16098,1027,6938,2373,39281,6.649363712026633,35.95152890784452,10.697207032526524
2020,3,Santa Fe,295051,405807,45721,37112,19307,802998,25.690941341268072,72.12060247348236,22.677710522681583
2020,3,Santiago Del Estero,26419,70720,555,4185,3613,105492,10.87901727065974,43.37593131691913,10.76484130094044
2020,3,Tierra Del Fuego,12854,26491,0,0,310,39655,8.506676055475614,76.80909583946696,22.7715153638102
2020,3,Tucumán,149605,11752,59949,1808,762,223876,34.835801698615526,53.2281495112899,13.184990703555616
2020,2,Buenos Aires,661272,2244277,723072,91736,57189,3777546,45.66197363212277,65.2205801358229,21.55285840483632
2020,2,Capital Federal,178896,1106133,39482,3937,29373,1357821,60.4844973584038,106.41480599073644,44.15182686820503
2020,2,Catamarca,26968,3641,14878,261,2228,47976,34.92595642857143,45.43181818181818,11.556666835285702
2020,2,Chaco,46816,56017,17266,6452,1581,128132,27.95228467436429,39.83250279006581,10.646198278920558
2020,2,Chubut,45761,38279,1324,17678,5614,108656,7.605487984559083,57.344613387235526,17.577923412048097
2020,2,Córdoba,282858,415007,85818,44522,8263,836468,30.987577637139463,72.71358531242393,22.26262976828413
2020,2,Corrientes,51248,55536,3144,3927,5011,118866,22.15030606257576,40.30476267979574,10.613139950481656
2020,2,Entre Ríos,89391,99423,13954,20042,11303,234113,20.448621178442583,56.538654739709614,16.90464963972206
2020,2,Formosa,21805,9353,1882,14723,169,47932,16.870258993114398,31.1394362262631,7.925539742616724
2020,2,Jujuy,32705,38938,5057,952,16664,94316,15.864013631862552,47.887810227872784,12.246000275261045
2020,2,La Pampa,8551,54422,14232,11314,1290,89809,8.028862255598405,76.10158288987562,25.07384596485546
2020,2,La Rioja,16885,34984,1,250,35,52155,11.66911096197726,49.83993501839552,13.267548880443243
2020,2,Mendoza,91904,62941,29613,15924,802,201184,9.274562732094155,36.25224342110005,10.116652469373571
2020,2,Misiones,50792,74497,2579,3319,9153,140340,22.560122617583183,40.88779600969606,11.136919674351834
2020,2,Neuquén,30256,67990,11037,15755,1134,126172,29.10014762387852,63.89846903376432,19.02059866374008
2020,2,Río Negro,49756,39650,10382,11331,18367,129486,19.679596047283173,56.36933524879196,17.338453751536527
2020,2,Salta,59502,81740,24289,5123,7108,177762,22.55853618795662,51.58158335340357,12.492822821915324
2020,2,San Juan,40092,8275,5509,7019,8882,69777,6.308614963196474,35.09485776365026,8.939786450606132
2020,2,San Luis,8401,8357,6,60935,36253,113952,21.02062693689071,78.4096773527651,22.440286647722235
2020,2,Santa Cruz,12845,16044,1027,6585,2368,38869,6.593202418178028,35.79262396979603,10.650675172081195
2020,2,Santa Fe,299974,381679,46698,30487,19094,777932,23.92579160898409,70.002168637187,22.01189934872471
2020,2,Santiago Del Estero,25917,72074,355,3038,4063,105447,10.411619106122004,43.46716682468362,10.787648634906734
2020,2,Tierra Del Fuego,12854,26025,0,0,310,39189,8.128329395457266,76.36948260742473,22.642392447335883
2020,2,Tucumán,150084,9833,55120,1357,762,217156,32.70453443718797,51.78074091030483,12.826796661758182
2020,1,Buenos Aires,673237,2210349,720688,85443,18334,3708051,45.18128807375552,64.32563101743429,21.20808101421276
2020,1,Capital Federal,184494,1097635,38898,3911,28556,1353494,58.70568296242247,105.98017414181908,44.02408243452466
2020,1,Catamarca,21945,3146,12056,261,2227,39635,29.132225012939607,37.615427687460254,9.568286447482455
2020,1,Chaco,46356,54144,11958,6239,1580,120277,25.942049334121737,37.483833369172615,10.018358007806318
2020,1,Chubut,45763,27287,1324,16885,5479,96738,7.117047781865397,51.26848941909703,15.715139739949183
2020,1,Córdoba,286168,406109,68512,41617,8693,811099,29.39478783506133,70.6880744339108,21.64232669040361
2020,1,Corrientes,51126,53231,2172,2437,5004,113970,20.538999274943325,38.7290799422309,10.198192297264283
2020,1,Entre Ríos,90368,95434,13245,18737,14062,231846,19.029765335057498,56.12006051437216,16.779387594256768
2020,1,Formosa,21068,8887,1800,14510,169,46434,15.697352607415109,30.228303962606848,7.693633209507935
2020,1,Jujuy,32066,38938,3078,942,16641,91665,14.14492205715465,46.670230639987786,11.934505713694248
2020,1,La Pampa,8553,53755,13821,11295,1802,89226,7.291757720474826,75.76678781291396,24.96348894596364
2020,1,La Rioja,13076,34984,0,251,29,48340,7.962418947150687,46.346631384166976,12.337423688670192
2020,1,Mendoza,91955,50251,28059,12465,722,183452,8.440867710216997,33.14207670017271,9.248656325291032
2020,1,Misiones,51458,69452,1220,460,10962,133552,22.148213068436263,39.01834755171205,10.627621055982177
2020,1,Neuquén,29305,65951,11031,14711,729,121727,27.76828207897622,61.84749362355069,18.409872883598883
2020,1,Río Negro,47756,38479,10381,11222,18362,126200,19.06030056406124,55.11566865962362,16.95263605430754
2020,1,Salta,60426,75593,23025,4125,7212,170381,21.425047243902736,49.59568027012866,12.011697200976553
2020,1,San Juan,40092,6448,5508,7082,5101,64231,6.036984591484099,32.392292136304725,8.251277881190129
2020,1,San Luis,8301,7612,5,58301,36333,110552,20.98937974428265,76.30854184641933,21.838769386372302
2020,1,Santa Cruz,12845,15766,1026,6817,2368,38822,6.417170627364028,35.97427628896549,10.704172537298618
2020,1,Santa Fe,302366,383673,35123,30488,19468,771118,22.42405677003625,69.52357940253133,21.86132458787361
2020,1,Santiago Del Estero,24695,70424,200,2779,4657,102755,10.00053908049476,42.466359187991806,10.539212166838636
2020,1,Tierra Del Fuego,12854,25632,0,0,308,38794,7.410865837696335,76.06964979018785,22.552553250860385
2020,1,Tucumán,143184,10494,44687,1355,347,200067,32.24553094303289,47.84792325850032,11.852464901793743
2019,4,Buenos Aires,720011,2191672,669194,87111,18266,3686254,30.769694141005864,64.25205288245421,21.135089381908887
2019,4,Capital Federal,196938,1093143,35534,3914,28576,1358105,44.20317867008588,106.24546751041056,44.18705360861236
2019,4,Catamarca,22999,3318,9506,261,2227,38311,24.87830767046261,36.43842912715547,9.268865071492511
2019,4,Chaco,48661,53602,8831,5229,1580,117903,23.37495080016229,36.835478630342415,9.84506318966921
2019,4,Chubut,47045,26977,1324,15267,5489,96102,6.994113523445059,51.14501785514712,15.6771711859264
2019,4,Córdoba,296872,410038,53335,37750,8693,806688,26.16228061451293,70.48295566244217,21.57949716642836
2019,4,Corrientes,52525,51845,2002,2458,5004,113834,19.255411607971407,38.767440989262106,10.208283637368018
2019,4,Entre Ríos,92981,99206,12875,18561,15407,239030,17.007580897657125,57.99221691704514,17.339132629892976
2019,4,Formosa,21567,8684,1760,14531,169,46711,14.525629551519328,30.471313480544048,7.755476118924716
2019,4,Jujuy,32949,37604,873,814,16641,88881,12.959200042804213,45.37754633175065,11.60391510228381
2019,4,La Pampa,15457,56854,4942,11341,1805,90399,6.526152195693043,76.92418969170417,25.344921847620384
2019,4,La Rioja,13738,34984,0,251,29,49002,8.000880364029628,47.13589011052434,12.547563567459605
2019,4,Mendoza,96678,49711,24989,13672,730,185780,7.785200889987086,33.64903072027183,9.39011273391884
2019,4,Misiones,53116,69676,847,441,11733,135813,20.32034743574273,39.78923684048622,10.837581902491848
2019,4,Neuquén,29826,60970,10549,14246,854,116445,26.01988431478295,59.35590092822445,17.668184976921886
2019,4,Río Negro,49747,37933,9658,11437,18365,127140,17.17699897385603,55.70500968287489,17.13387032217983
2019,4,Salta,63272,76062,21865,3040,8206,172445,19.08357302283381,50.35463892238824,12.195492805546795
2019,4,San Juan,41360,6338,4931,7241,5104,64974,6.040171698468491,32.85497572815534,8.36915261267133
2019,4,San Luis,8569,8027,6,55266,36333,108201,20.690353422143115,74.92002603481464,21.44135289326784
2019,4,Santa Cruz,13264,15899,1036,6800,2371,39370,5.207925064069708,36.71136308535834,10.923427797723754
2019,4,Santa Fe,312072,382254,27464,26978,20401,769169,20.54719701980728,69.48235725596862,21.84835065573258
2019,4,Santiago Del Estero,24682,71239,200,2810,4657,103588,9.792201844355846,42.92077382358182,10.651974288337923
2019,4,Tierra Del Fuego,13261,26821,0,0,310,40392,7.27,79.69536136377089,23.62754675261621
2019,4,Tucumán,146985,11012,39574,725,348,198644,29.87038932431276,47.64902012521289,11.803181280712074
2019,3,Buenos Aires,1277249,2144956,425386,85572,27070,3960233,25.679380143834067,69.35630106079125,22.761733615562225
2019,3,Capital Federal,300288,1080973,24900,3895,31155,1441211,38.71410056071139,112.6453878037209,46.904770893488056
2019,3,Catamarca,24349,5543,13,244,2251,32400,9.293407429459826,30.883614526737205,7.855954765218487
2019,3,Chaco,50416,49156,8063,5224,1592,114451,19.994668122685404,35.8460309754608,9.580664387529255
2019,3,Chubut,37298,27090,1917,15149,7551,89005,6.966323588474291,47.56624162293312,14.580466548718958
2019,3,Córdoba,307780,399231,30064,37277,8701,783053,23.19340236493985,68.59234901069021,21.00078177695353
2019,3,Corrientes,53344,50230,1888,2458,4839,112759,16.69992255090861,38.48535113586719,10.134028114178689
2019,3,Entre Ríos,94947,96305,12888,18530,15432,238102,14.69513286650061,57.90009945796624,17.311661825597923
2019,3,Formosa,21777,8359,1476,14292,162,46066,13.22353748406198,30.11243299777749,7.664177713890219
2019,3,Jujuy,33110,35742,274,812,16638,86576,11.968240929924349,44.322486842913605,11.334206981241008
2019,3,La Pampa,19469,52941,4994,11462,1962,90828,5.719666464891041,77.45269423291748,25.519002705641388
2019,3,La Rioja,14390,34984,11,251,41,49677,8.002375296912113,47.94290512174643,12.76243179085612
2019,3,Mendoza,148640,54312,6865,12975,1545,224337,6.10822854552147,40.73714258735342,11.368189016279215
2019,3,Misiones,54493,65872,829,419,12270,133883,17.931522461372833,39.33292986744382,10.713348334458953
2019,3,Neuquén,43347,60484,5560,13512,2518,125421,23.74841515996666,64.13887269491578,19.092075679641724
2019,3,Río Negro,67478,37425,9739,10806,18847,144295,15.983718503999242,63.42470088700958,19.508498591229387
2019,3,Salta,65799,74329,733,1580,9394,151835,14.746465244455525,44.47617792228716,10.771854623416075
2019,3,San Juan,51670,7425,1227,7241,5535,73098,6.038229508650902,37.06231303554226,9.440941485226007
2019,3,San Luis,13037,10561,350,62286,36466,122700,19.743826982349614,85.22608876849344,24.39097116617468
2019,3,Santa Cruz,10663,17056,969,6544,2738,37970,5.017746940956451,35.62816097885956,10.601555192584216
2019,3,Santa Fe,319396,377171,18690,24269,21408,760934,18.165529686687883,68.87178057593026,21.65642474636164
2019,3,Santiago Del Estero,24556,71198,219,2759,34400,133132,9.38941313142636,55.30391146854541,13.725288048364083
2019,3,Tierra Del Fuego,19790,26659,651,0,1487,48587,6.690701380143412,96.46210963092378,28.59892519321212
2019,3,Tucumán,150918,12089,116,684,324,164131,19.323994794580525,39.487600204016815,9.781574184382116
2019,2,Buenos Aires,1284658,2079900,382971,75240,32929,3855698,22.480046018557395,67.84713982374198,22.215789484298067
2019,2,Capital Federal,309937,1061358,36082,3962,4281,1415620,30.346259857092,110.54556699485232,46.08592579281094
2019,2,Catamarca,25682,5543,13,146,2251,33635,8.81,32.13095022019278,8.173397032450584
2019,2,Chaco,50765,47448,4203,4727,1591,108734,16.01024333099657,34.14026097986763,9.125011329267103
2019,2,Chubut,37313,26338,1917,14443,7545,87556,6.054406893543786,46.98798413626923,14.403808727896068
2019,2,Córdoba,314768,388254,23023,33847,15236,775128,18.43151783191278,68.07130938789848,20.84163724223824
2019,2,Corrientes,53835,47431,1701,2444,6138,111549,13.833035083816176,38.15558588418795,10.047459019420458
2019,2,Entre Ríos,97081,91081,12764,17369,17529,235824,12.193357817950574,57.47823458872391,17.185820444672466
2019,2,Formosa,21916,8686,1382,14292,162,46438,10.836611219480826,30.418236006943307,7.742195783956093
2019,2,Jujuy,33022,30742,274,812,21857,86707,12.073382280507326,44.511922790626045,11.382934590825071
2019,2,La Pampa,19471,52101,4840,10789,3004,90205,5.492288321417966,77.08313750288404,25.39783989548608
2019,2,La Rioja,15014,34984,11,251,41,50301,7.894163486005089,48.70493914424316,12.965645588675004
2019,2,Mendoza,148673,54027,6865,12748,1544,223857,6.02629690452623,40.754624235362655,11.373356541672887
2019,2,Misiones,55373,64272,543,421,12269,132878,14.50130254739236,39.14612554169944,10.662825595018376
2019,2,Neuquén,43420,59021,4983,12792,2737,122953,17.242865250195976,63.0809643276744,18.77790080562025
2019,2,Río Negro,67841,36527,4037,10485,19657,138547,11.628050204319909,61.0942074999118,18.792276756346176
2019,2,Salta,68827,62343,725,1210,9463,142568,12.548748750601565,41.89319832036978,10.146610869132008
2019,2,San Juan,51680,7425,1174,2870,6876,70025,6.118522013069041,35.59971733748176,9.068540162527924
2019,2,San Luis,11130,10298,347,57242,38368,117385,19.875972848399364,81.789994425864,23.40822663016059
2019,2,Santa Cruz,10665,10257,379,6514,2735,30550,6.008047317560813,28.846063055322123,8.584064828655885
2019,2,Santa Fe,325420,355140,18236,21980,22708,743484,15.074549058890282,67.42291993321949,21.201130485144205
2019,2,Santiago Del Estero,24393,64783,219,2759,34600,126754,7.103112882966522,52.78997126317105,13.101581339388986
2019,2,Tierra Del Fuego,19790,25527,651,0,1486,47454,6.34,94.79803428023492,28.10756382159569
2019,2,Tucumán,153121,12089,116,684,321,166331,18.52931788592033,40.13604621420884,9.942460440805863
2019,1,Buenos Aires,1304507,2020730,336362,64867,20201,3746667,19.643958224230506,66.24255522736811,21.64173785141924
2019,1,Capital Federal,328246,1030814,32281,3978,4281,1399600,24.715063293849774,109.19616455883845,45.57918389943661
2019,1,Catamarca,26912,4443,16,0,2251,33622,7.964005155271879,32.190488956121285,8.188504627374574
2019,1,Chaco,53409,43555,1951,3628,1134,103677,13.444236269077935,32.635876579429485,8.722835003407456
2019,1,Chubut,37302,23065,1923,14443,3045,79778,5.891730569196159,42.99773633717796,13.180368061670734
2019,1,Córdoba,323272,363959,19902,24615,12367,744115,15.73486422864591,65.5173840768055,20.05952769269671
2019,1,Corrientes,55842,43444,1615,1528,58,102487,12.049695550812029,35.13498688698812,9.25199213887151
2019,1,Entre Ríos,100999,90253,12723,16231,12241,232447,10.659197328953976,56.78815996169284,16.979402393290254
2019,1,Formosa,22570,7878,940,13761,62,45211,9.825089957835711,29.67769463043193,7.55368578631946
2019,1,Jujuy,33248,12484,153,640,43622,90147,8.560464217465055,46.40843874036665,11.867849761055307
2019,1,La Pampa,18832,57373,2891,9023,1041,89160,5.057861842867403,76.35457433780647,25.157516640472675
2019,1,La Rioja,16367,34984,12,252,41,51656,7.092792286992043,50.184587883262736,13.359402478637785
2019,1,Mendoza,148524,40205,5662,10363,1544,206298,5.742764175317399,37.657164970282864,10.508862067173826
2019,1,Misiones,54898,59214,465,426,7717,122720,12.512773459683505,36.25716826552349,9.87579609120626
2019,1,Neuquén,40747,55634,3114,12510,2372,114377,15.88465326391522,58.87800433437489,17.526490396034294
2019,1,Río Negro,68377,34124,3994,9736,4857,121088,10.488420648136287,53.57164978100252,16.478122478195964
2019,1,Salta,74426,57933,647,1135,1879,136020,10.37710001396946,40.09834441771615,9.711781014403453
2019,1,San Juan,51660,5838,808,2932,1207,62445,5.839263189429536,31.833058053465464,8.108982017265918
2019,1,San Luis,11108,7784,378,53097,23968,96335,8.708555188754593,67.3379373977716,19.27177940129152
2019,1,Santa Cruz,10659,4615,382,6514,2735,24905,5.779992970397563,23.66765499676892,7.042691634453057
2019,1,Santa Fe,340038,340344,15621,23215,17860,737078,12.986963477266004,66.97409094791476,21.059894917387947
2019,1,Santiago Del Estero,25337,61547,23,2847,99,89853,6.415070737969083,37.51941674600391,9.3116162809496
2019,1,Tierra Del Fuego,19789,23549,1623,0,1486,46447,6.341101450612301,93.37581922721242,27.684925791261847
2019,1,Tucumán,159215,11670,118,678,321,172002,16.573299964579572,41.63074443134759,10.31263096739148
2018,4,Buenos Aires,1305576,1949637,296102,65477,19814,3636606,16.934363010150058,64.60284663484316,21.058833823398523
2018,4,Capital Federal,328253,1019490,33042,3978,4257,1389020,22.93530199223472,108.27314997057414,45.24931394036689
2018,4,Catamarca,26912,4443,16,0,2212,33583,8.043920202659912,32.225346166025346,8.197333541624968
2018,4,Chaco,53409,43555,1940,3236,1130,103270,13.492083570210347,32.59096087632982,8.7108351925502
2018,4,Chubut,37215,23065,952,14443,3047,78722,6.085223903684034,42.61093609604538,13.061729706052178
2018,4,Córdoba,328854,355716,17675,21851,13243,737339,15.813667433629776,65.08926459112368,19.92843117514227
2018,4,Corrientes,55842,42418,796,1515,30,100601,12.138923393387724,34.56627656869549,9.102210657080787
2018,4,Entre Ríos,101168,86198,4853,15472,14356,222047,11.023282490376957,54.37477348639939,16.257794035384702
2018,4,Formosa,22619,7880,887,13761,57,45204,9.816893711913805,29.73653915732,7.568639138457005
2018,4,Jujuy,33248,12484,153,640,43608,90133,8.562737601752614,46.53226639132679,11.89948419241854
2018,4,La Pampa,18832,55337,2685,7772,1010,85636,4.319094957943483,73.49404828314209,24.215175627605007
2018,4,La Rioja,16367,34984,12,252,36,51651,7.093382125154895,50.347993917417234,13.402859048246764
2018,4,Mendoza,148524,40205,5665,10363,1547,206304,5.746675102434321,37.757783845911696,10.536933969997644
2018,4,Misiones,55500,53673,465,426,6209,116273,12.495112674155788,34.4507488777944,9.38376401334208
2018,4,Neuquén,40747,55634,3115,12425,2444,114365,15.89123364607043,59.06916926636779,17.58336203291432
2018,4,Río Negro,68377,34292,1299,8037,4832,116837,10.487005565275494,51.86140345426057,15.952033444971306
2018,4,Salta,74295,57539,638,253,1853,134578,10.45728408913591,39.80161006973815,9.63988499012216
2018,4,San Juan,51660,5838,806,2883,1211,62398,5.715266539357845,31.89625207025579,8.125067548299477
2018,4,San Luis,11108,7784,378,53097,23964,96331,8.818992791900516,67.55045369760039,19.332549309229275
2018,4,Santa Cruz,10659,4615,382,6378,2734,24768,5.119507364772868,23.68919410065612,7.049080016507051
2018,4,Santa Fe,335519,322782,14387,18705,28997,720390,13.179234899969485,65.58706886191564,20.62373640643868
2018,4,Santiago Del Estero,25339,61243,23,2649,81,89335,6.309255243851745,37.40072595129344,9.2821177795649
2018,4,Tierra Del Fuego,19789,23349,1623,0,1499,46260,7.436562008214025,93.59257086207944,27.748785315817887
2018,4,Tucumán,159215,11670,119,686,314,172004,16.58323444553027,41.75796963877769,10.344120436439566
2018,3,Buenos Aires,1435856,1929273,156382,62318,26448,3610277,16.77973513236217,64.44056759752046,20.95908740104848
2018,3,Capital Federal,334353,1009252,35694,3872,9319,1392490,21.643368364061413,108.44591411021922,45.37709204560748
2018,3,Catamarca,27553,4443,15,1,2214,34226,7.806521941530631,32.91594537411041,8.373046550087581
2018,3,Chaco,53927,42359,1990,2628,1129,102033,12.89496189060927,32.283100833077576,8.628583509513742
2018,3,Chubut,58887,23065,1239,13817,6728,103736,6.076722322942862,56.39174585226903,17.28630822939319
2018,3,Córdoba,337620,342401,15785,19213,10839,725858,14.8182495375679,64.24210026029336,19.66915749676994
2018,3,Corrientes,56444,41300,212,1468,32,99456,11.493228365457124,34.24993887383215,9.018948170247882
2018,3,Entre Ríos,103318,83714,2403,15093,80,204608,10.524753506287304,50.22201385837749,15.016208210741231
2018,3,Formosa,22777,7589,817,13625,57,44865,9.318495441068285,29.576573428878444,7.5279498103121085
2018,3,Jujuy,33363,10856,32,641,43,44935,7.669872151814152,23.26370013719552,5.949165647225797
2018,3,La Pampa,12415,54574,8437,7011,987,83424,4.283048376167659,71.75023651844843,23.64056278957734
2018,3,La Rioja,16587,34984,13,253,35,51872,6.156013225626096,50.73304318059562,13.505484520192356
2018,3,Mendoza,151033,40205,5744,8195,1852,207029,5.786015677158131,37.990597267996215,10.60196923196676
2018,3,Misiones,56290,50793,512,391,56,108042,12.487485758721087,32.10366641805902,8.74450949017475
2018,3,Neuquén,46602,54129,998,12277,2712,116718,14.674244286624784,60.48661674396911,18.005451709791327
2018,3,Río Negro,68590,33474,1252,5051,5125,113492,10.06446008106754,50.54264808703746,15.546572458298687
2018,3,Salta,76600,53980,678,234,1391,132883,9.265848177562406,39.42741342068409,9.549341341721156
2018,3,San Juan,54025,5838,826,2744,1048,64481,5.738204725877363,33.05141650392377,8.419357955569252
2018,3,San Luis,11096,7784,368,52859,2314,74421,8.814987579354126,52.35311497551916,14.9833598756571
2018,3,Santa Cruz,18606,4574,585,6238,3996,33999,5.369715716600383,32.72785029455932,9.738987459252597
2018,3,Santa Fe,339126,312866,11749,16337,15022,695100,12.357326043488577,63.4096146162309,19.939106982732063
2018,3,Santiago Del Estero,25805,58789,23,1662,81,86360,5.779842512369051,36.24961697805127,8.996517443513934
2018,3,Tierra Del Fuego,19365,22649,1502,1,2047,45564,5.98788374717833,92.77191839394062,27.506021696216745
2018,3,Tucumán,161209,9280,110,252,315,171166,15.255950362488306,41.68101359528755,10.325137534986972
2018,2,Buenos Aires,1450203,1807868,143626,71256,27746,3500699,14.679375512175804,62.78226651094991,20.374582324435124
2018,2,Capital Federal,342431,977916,35610,3908,9321,1369186,18.93813458927817,106.53494128146691,44.63257774678805
2018,2,Catamarca,27444,4415,15,1,2214,34089,7.693096507452943,32.8575008674866,8.35838388395506
2018,2,Chaco,54134,40750,562,1946,1129,98521,12.499460181995785,31.25170499603489,8.353123614291734
2018,2,Chubut,58935,19591,1239,14070,6729,100564,5.329857730598913,54.90230333735512,16.830485129144066
2018,2,Córdoba,345141,327636,13832,16355,10109,713073,13.876809406349514,63.2743661231958,19.373198551696014
2018,2,Corrientes,56541,39715,201,1468,32,97957,10.87765289559918,33.80975390881165,8.903247385340823
2018,2,Entre Ríos,104811,80376,2405,12313,80,199985,10.186702751759965,49.20261187052838,14.711648453505866
2018,2,Formosa,23543,7311,18,13625,57,44554,8.974986530777175,29.434226520797,7.491907616509303
2018,2,Jujuy,33571,10856,23,640,43,45133,6.289345589213642,23.43220272985448,5.9923974768014165
2018,2,La Pampa,12416,53587,8420,7011,987,82421,4.098364171057469,71.04033787278055,23.40701065826804
2018,2,La Rioja,16663,34984,13,253,35,51948,5.591861584368082,50.97789073923241,13.570922884408905
2018,2,Mendoza,152938,36872,3084,6206,1852,200952,5.880529663045039,36.97287272406129,10.318226443150964
2018,2,Misiones,57265,47923,512,391,56,106147,11.759657402552,31.630907682221824,8.61598877251767
2018,2,Neuquén,46633,52855,998,12649,2713,115848,13.365011560107956,60.23679161402031,17.931877810369247
2018,2,Río Negro,68667,32795,1252,4396,5125,112235,9.509595114373948,50.1478946239634,15.42558308937726
2018,2,Salta,78386,53478,678,234,1391,134167,8.928271706442677,39.93719209989731,9.673102808845783
2018,2,San Juan,54080,5068,826,3079,1048,64101,5.845597830692315,32.94664884868421,8.392841711641646
2018,2,San Luis,11104,7666,368,16,2314,21468,5.900575184880855,15.150424491351384,4.336137508962927
2018,2,Santa Cruz,18615,4474,585,6734,3997,34405,5.189289950855788,33.33236451006607,9.919588050940062
2018,2,Santa Fe,337934,304349,11354,15801,15114,684552,11.74888462281756,62.57079239957442,19.675591530682105
2018,2,Santiago Del Estero,26074,55935,23,1662,81,83775,5.911001646998384,35.25646421116424,8.750160589339375
2018,2,Tierra Del Fuego,19372,22756,531,1,2047,44707,5.942745057375916,91.60519629538562,27.16231651599105
2018,2,Tucumán,160315,8965,110,252,315,169957,13.506545729627105,41.512563170017415,10.283671207148595
2018,1,Buenos Aires,1452061,1793884,133928,64379,31194,3475446,14.198889644680946,62.62621166168454,20.27965291057949
2018,1,Capital Federal,349995,968483,35535,3164,9393,1366570,17.74557730418008,106.23567174586836,44.562961320417855
2018,1,Catamarca,27300,4415,15,1,2214,33945,8.198860528714677,32.79361613741535,8.342098537275874
2018,1,Chaco,54879,40157,383,388,1130,96937,12.444064678644969,30.829927645702472,8.240328535251999
2018,1,Chubut,56375,19591,1194,14070,6729,97959,5.418637938827784,53.71560488248906,16.466326556340928
2018,1,Córdoba,349342,326894,13178,13237,11275,713926,12.790571217400483,63.51716965201617,19.447381073339752
2018,1,Corrientes,56937,35225,888,1334,33,94417,11.118502865253635,32.66346087317512,8.60133260210877
2018,1,Entre Ríos,106998,75751,3789,10776,80,197394,9.87523936699876,48.68120241785722,14.555673456325383
2018,1,Formosa,23556,7095,17,1603,57,32328,11.056815367469506,21.40431025921144,5.4480098282582645
2018,1,Jujuy,33856,10456,23,28,43,44406,6.741185879384532,23.12126087567753,5.912829505826147
2018,1,La Pampa,10807,51389,8386,10556,1926,83064,3.995131352064104,71.75163692275797,23.64124866231016
2018,1,La Rioja,16960,34984,13,253,35,52245,5.890820604111634,51.44351011244806,13.694770063119927
2018,1,Mendoza,152931,36872,3086,6206,1852,200947,5.881626969169374,37.07215110240331,10.345843091967913
2018,1,Misiones,56311,46880,328,5,56,103580,12.082189465143012,30.95673588446963,8.432278416607307
2018,1,Neuquén,46714,55072,1000,12404,2713,117903,11.96045995607415,61.517390351563726,18.31283869735193
2018,1,Río Negro,68769,31712,1251,4259,5128,111119,8.976243194361576,49.816861312232405,15.323567091543692
2018,1,Salta,79936,51534,118,204,1391,133183,9.1894409821995,39.7755916329188,9.633845443846392
2018,1,San Juan,54080,5068,826,2246,1048,63268,5.850581035549749,32.60917745169287,8.306800710570991
2018,1,San Luis,11104,7594,368,16,2314,21396,5.89436270457927,15.14879034827491,4.335615022675048
2018,1,Santa Cruz,18615,4474,1799,6734,2783,34405,5.189289950855788,33.55275989857616,9.98473486255572
2018,1,Santa Fe,341997,300421,10674,11636,15298,680026,11.173305005746002,62.28199844300957,19.58468236875741
2018,1,Santiago Del Estero,26788,54594,23,1432,81,82918,6.248210722163038,34.9882694482421,8.683504190530646
2018,1,Tierra Del Fuego,19372,9663,531,1,2047,31614,5.768082036032884,65.19963702359347,19.33152333431171
2018,1,Tucumán,158611,8921,107,368,50,168057,9.355631684806106,41.17600938886616,10.200177350055142
2017,4,Buenos Aires,1241172,1718013,131181,60082,31448,3181896,12.9720825438982,57.609615290258205,18.61464924835486
2017,4,Capital Federal,571363,961688,36277,3119,9877,1582324,15.20221886916041,122.89742418734993,51.6167209151056
2017,4,Catamarca,27083,263,11,1,2200,29558,7.78415435139573,28.620950093924897,7.280600419229377
2017,4,Chaco,55035,39690,389,380,1121,96615,11.702868121959405,30.808158111236537,8.234501979468078
2017,4,Chubut,56378,15097,1187,14070,6708,93440,5.408238076890145,51.46309626749354,15.77581593080522
2017,4,Córdoba,349710,324709,12778,12043,10739,709979,11.63658470115664,63.33262565207773,19.390857786793124
2017,4,Corrientes,56786,34722,894,1334,35,93771,10.384400430891969,32.51511831118755,8.562263620309615
2017,4,Entre Ríos,107764,73692,1894,10267,86,193703,9.295960619999066,47.885245293746834,14.317635180183578
2017,4,Formosa,23410,6973,19,1603,51,32056,10.114170463766309,21.27097668924972,5.414060072151437
2017,4,Jujuy,33844,9626,20,28,34,43552,6.638821273566491,22.742083716267025,5.81583543877829
2017,4,La Pampa,10808,50495,8272,10569,1927,82071,3.975819444981504,71.04976106378558,23.4099297739188
2017,4,La Rioja,16912,34984,14,253,31,52194,5.877588849506658,51.56847440546175,13.727965660359493
2017,4,Mendoza,152896,16114,3015,6206,1920,180151,5.71002586675844,33.32562553415048,9.300280994440511
2017,4,Misiones,56271,47470,95,5,54,103895,11.324123723249611,31.14218485379854,8.482789477895514
2017,4,Neuquén,46739,54119,1017,12404,2692,116971,10.719151524540267,61.24232317785096,18.2308851652642
2017,4,Río Negro,68690,30451,1250,4259,5114,109764,8.045522324672751,49.37562976824529,15.18781366272272
2017,4,Salta,80705,50446,127,158,1376,132812,8.451742767775633,39.79624247145896,9.638816535753657
2017,4,San Juan,54079,451,812,2246,1036,58624,5.832260073010133,30.29992919128174,7.718528602820455
2017,4,San Luis,11104,1119,335,17,2329,14904,5.732208801354054,10.586731069754228,3.0299272402738
2017,4,Santa Cruz,18614,1668,582,4638,3950,29452,5.206584828874508,28.912492882806827,8.603821648608145
2017,4,Santa Fe,341680,293831,10602,10965,15382,672460,10.297494601847182,61.7127712196729,19.405680474329014
2017,4,Santiago Del Estero,27313,40407,19,1025,80,68844,6.165600214985038,29.126386109501063,7.228687949666727
2017,4,Tierra Del Fuego,19372,6906,530,1,2045,28854,5.203225704536838,59.89413596263622,17.758493353028065
2017,4,Tucumán,156583,5223,105,102,319,162332,9.106021307187058,39.8968735176797,9.883286960651205
2017,3,Buenos Aires,1288025,1571180,124920,35058,38777,3057960,8.425706211853651,55.62938339533962,17.935870973592106
2017,3,Capital Federal,583249,941092,33481,2814,9723,1570359,10.635720274073307,121.85832590969336,51.2444496511116
2017,3,Catamarca,26873,4411,12,1,2181,33478,5.260018066713561,32.49092567790524,8.265091234974188
2017,3,Chaco,54888,37307,456,36,1072,93759,8.484871287555498,29.975925647657625,8.012103738024656
2017,3,Chubut,56359,5645,1217,13503,6820,83544,3.4783469156690874,46.21537746651841,14.16737183585357
2017,3,Córdoba,344580,319360,10579,7137,14988,696644,9.11557287304998,62.30700225296333,19.076953915608296
2017,3,Corrientes,56247,33993,947,1334,27,92548,7.447416428085263,32.16543574593796,8.470212670540503
2017,3,Entre Ríos,107774,69596,1786,6245,63,185464,6.993400639349653,45.95812167017718,13.741494179292031
2017,3,Formosa,22647,6816,428,2202,12,32105,7.06882153411281,21.35038438007076,5.43429504811395
2017,3,Jujuy,33796,9395,20,23,8,43242,4.689006725369201,22.64536299508256,5.791142800512126
2017,3,La Pampa,11378,49679,5153,11536,1944,79690,3.4381011143320657,69.13993701142644,22.780807976856146
2017,3,La Rioja,16638,34984,14,252,25,51913,5.010090208766659,51.46525230494696,13.70065107981072
2017,3,Mendoza,154036,33788,2772,29,1866,192491,3.512962661663036,35.70493177720565,9.964323465862444
2017,3,Misiones,56472,43880,110,5,9,100476,8.430383025286991,30.205990933031902,8.227833589371523
2017,3,Neuquén,48001,52468,1044,11576,2695,115784,8.16517738570226,60.8304131050389,18.10848135178631
2017,3,Río Negro,69301,30018,1106,3054,4017,107496,5.487278804673885,48.51865893950063,14.924361907723748
2017,3,Salta,80782,50284,127,158,1167,132518,6.133146206896552,39.839700806907416,9.649427484390076
2017,3,San Juan,54499,5068,816,1053,1013,62449,3.4497842064911834,32.36688935995978,8.245115565495915
2017,3,San Luis,11407,7576,347,26,2363,21719,3.50338739319684,15.477861790298098,4.429809174940647
2017,3,Santa Cruz,19220,5487,1544,4552,2887,33690,3.610470505758638,33.29182971658959,9.907366563740627
2017,3,Santa Fe,322953,290655,6338,4897,37499,662342,7.792215148399743,60.90635563451515,19.15216489884956
2017,3,Santiago Del Estero,27733,54096,19,911,35,82794,5.178558078335373,35.12104488438485,8.716515836151316
2017,3,Tierra Del Fuego,21587,7012,622,1,2244,31466,3.475358271865121,65.74180473434595,19.49276439686788
2017,3,Tucumán,154130,6431,106,40,305,161012,6.385176801555399,39.69537916123259,9.833448455500244
2017,2,Buenos Aires,1378549,1535037,119132,21555,24358,3078631,7.198747751887984,56.27214416169132,18.10415648100048
2017,2,Capital Federal,615262,932466,38628,2819,11016,1600191,8.843219830788254,124.06139375642525,52.236738675121046
2017,2,Catamarca,26401,255,14,1,34,26705,5.102182825899711,25.97712106768351,6.608185687419579
2017,2,Chaco,54449,35613,458,52,39,90611,7.689213433544128,29.045524775453423,7.763587198662014
2017,2,Chubut,43994,1067,916,13194,4804,63975,3.44726909222351,35.54601117914412,10.897114883440477
2017,2,Córdoba,341748,303488,4451,6446,1505,657638,7.421321799076774,58.973528908003566,18.05661531060883
2017,2,Corrientes,55262,33192,258,1354,31,90097,6.791580482607055,31.38612136835505,8.265165616133114
2017,2,Entre Ríos,108309,67650,254,6448,71,182732,6.287810106292773,45.38933102824724,13.571663585663645
2017,2,Formosa,22493,6410,17,1023,13,29956,6.1786533146404965,19.965076445261992,5.081818706168551
2017,2,Jujuy,33742,8858,22,0,35,42657,4.541861878194008,22.403415894624064,5.729417105648426
2017,2,La Pampa,12754,48310,5194,6253,511,73022,3.3182593614961053,63.49352648099681,20.920811368324543
2017,2,La Rioja,16244,0,15,2,28,16289,5.53385510805501,16.203445806143563,4.313641371128342
2017,2,Mendoza,153331,13030,2581,27,1784,170753,3.507255863215121,31.75860536139077,8.863231962926129
2017,2,Misiones,56752,42925,103,5,9,99794,7.604338490520663,30.089248025085933,8.196262181174568
2017,2,Neuquén,51794,50283,1133,11545,2678,117433,6.700610698446883,61.91013427666159,18.43063459528346
2017,2,Río Negro,67038,29147,961,3213,1260,101619,4.741350857381452,46.02080512293318,14.1565144707972
2017,2,Salta,80184,27280,115,158,804,108541,5.756213134839845,32.739420263626215,7.929941866624195
2017,2,San Juan,48670,451,772,1073,915,51881,3.492033809523809,26.96461612024698,6.869062671706707
2017,2,San Luis,11432,1120,354,26,375,13307,3.502824149975052,9.513970314868304,2.722999699195193
2017,2,Santa Cruz,15311,2722,1365,4735,2255,26388,3.60311348968991,26.24861982870956,7.812000426302888
2017,2,Santa Fe,329813,228102,3234,4958,1173,567280,6.838749250446204,52.26961123969867,16.436519275562326
2017,2,Santiago Del Estero,28337,3900,19,911,29,33196,5.05794740805446,14.118988073971998,3.5041532386183105
2017,2,Tierra Del Fuego,22636,6905,665,1,2350,32557,3.476761467376085,68.46322075955756,20.30130511507835
2017,2,Tucumán,149013,5223,116,14,45,154411,6.093280445624717,38.18623365639289,9.459823731438563
2017,1,Buenos Aires,1559178,1465817,118839,21200,24342,3189376,6.678482577091709,58.57400244920328,18.80485503101168
2017,1,Capital Federal,428801,918328,38259,2730,10928,1399046,8.348147316695423,108.36920836560806,45.687714654171046
2017,1,Catamarca,26020,248,14,1,34,26317,4.973784837545127,25.659350838021503,6.527341318167275
2017,1,Chaco,54430,34277,252,52,39,89050,7.307905398272823,28.62166053842791,7.65022534015797
2017,1,Chubut,43994,999,916,13194,4793,63896,3.4433862008733622,35.662220237763016,10.932503392025788
2017,1,Córdoba,335673,293479,4871,5782,1394,641199,6.799477637369997,57.65332959287443,17.652242570602198
2017,1,Corrientes,54993,31994,236,1354,31,88608,6.43297127701597,30.940600109644144,8.147787146784857
2017,1,Entre Ríos,108509,65095,230,6448,71,180353,5.9514745757075245,44.907273687041226,13.427434245008817
2017,1,Formosa,22438,6215,16,1023,13,29705,5.742388931901572,19.842489178645863,5.050590921688212
2017,1,Jujuy,33869,9278,22,0,34,43203,4.393861259634748,22.756985962232346,5.81976940765058
2017,1,La Pampa,12754,47195,5194,6253,517,71913,3.2208135842183347,62.66928104575163,20.64904971242997
2017,1,La Rioja,16180,0,15,2,28,16225,5.427180473372781,16.19552414605418,4.311444393660782
2017,1,Mendoza,153326,13030,2581,27,1769,170733,3.5072942051440963,31.843012770179666,8.886706245725367
2017,1,Misiones,57363,40142,101,5,8,97619,7.341041988916319,29.522202363131044,8.041713210556319
2017,1,Neuquén,51771,48109,1124,11665,2670,115339,6.0348361444213925,61.02302006782746,18.166254008454768
2017,1,Río Negro,67075,28785,954,3213,1261,101288,4.449448877971685,46.02953874119518,14.158945655638249
2017,1,Salta,79837,26845,114,158,679,107633,5.335371217821875,32.57548931482305,7.8901262912821775
2017,1,San Juan,48670,451,772,1073,907,51873,3.492435161246428,27.03676098842391,6.887390312005832
2017,1,San Luis,11432,1120,354,26,375,13307,3.502824149975052,9.545500193678896,2.7319835263877543
2017,1,Santa Cruz,15502,2722,1272,4733,2257,26486,3.591930075636318,26.52499173785465,7.89382704275053
2017,1,Santa Fe,327458,226094,3210,4948,1172,562882,6.284036486892411,51.970107692080425,16.34225474583628
2017,1,Santiago Del Estero,29616,3900,19,911,29,34475,4.948965833284994,14.702119493368588,3.648850889800999
2017,1,Tierra Del Fuego,22636,6905,665,1,2350,32557,3.476761467376085,68.91974851288131,20.43548670566672
2017,1,Tucumán,147373,5223,116,14,45,152771,5.8755073256955805,37.90016075894098,9.388852799951817
2016,4,Buenos Aires,1563542,1414676,118747,21394,24342,3142701,6.3515464502603125,61.236587430356856,18.578640735833822
2016,4,Capital Federal,434835,914952,38161,2583,10928,1401459,7.957596242752894,120.63133173632356,45.78373827727234
2016,4,Catamarca,26735,250,14,1,34,27034,4.885711305119858,26.54351558996192,6.720813040873304
2016,4,Chaco,54974,33534,248,52,39,88847,7.077531005919823,28.786656085255263,7.653240095890541
2016,4,Chubut,43994,955,916,13107,4793,63765,3.407191291444817,36.07290546427898,10.959254911598952
2016,4,Córdoba,337368,289344,3368,5686,789,636555,6.4667403639056085,57.696719154378975,17.57129145976522
2016,4,Corrientes,54981,31497,233,1354,31,88096,6.236245604077509,30.98107037649768,8.119896031116928
2016,4,Entre Ríos,109359,64141,226,6448,71,180245,5.807350829127614,45.208402854677,13.451982739190726
2016,4,Formosa,22400,6061,16,1023,13,29513,5.630674164916322,19.84823607816392,5.02928480990009
2016,4,Jujuy,33838,8731,22,0,34,42625,4.323962745742035,22.651387008241425,5.758804384392255
2016,4,La Pampa,12754,47245,5054,6253,522,71828,3.189559729749796,63.016182768654026,20.6707608364078
2016,4,La Rioja,16270,0,16,2,28,16316,5.34376242721422,16.45531638401623,4.350562085368715
2016,4,Mendoza,153320,13030,2579,27,1769,170725,3.506603469745376,32.10735338479002,8.910941733480245
2016,4,Misiones,57983,39294,100,5,8,97390,7.109475809101364,29.720149807797423,8.047024567428018
2016,4,Neuquén,51742,46389,1124,11910,2670,113835,5.678446306542373,60.873667228199054,17.993247493890816
2016,4,Río Negro,67057,28474,954,3274,1261,101020,4.369930463165329,46.38521035065572,14.170250609480686
2016,4,Salta,79389,26657,110,158,621,106935,5.220883577846971,32.69411973937546,7.865487548426057
2016,4,San Juan,48670,451,772,1121,907,51921,3.491135554044867,27.292421452197058,6.913287316652287
2016,4,San Luis,11432,1120,354,26,375,13307,3.502824149975052,9.640682435370556,2.7410268293938924
2016,4,Santa Cruz,15607,2722,1055,4823,2257,26464,3.5639164089588604,27.04676021484584,7.940780215262837
2016,4,Santa Fe,326721,225792,3201,4946,1172,561832,6.040233328940666,52.19105023718895,16.345011971501133
2016,4,Santiago Del Estero,30192,3900,19,911,29,35051,4.866794431448622,15.067847510433346,3.719720429331573
2016,4,Tierra Del Fuego,22636,6905,665,1,2350,32557,3.476761467376085,70.30526590539473,20.57132386392357
2016,4,Tucumán,146995,4482,116,14,45,151652,5.7277669342021085,37.9807622036193,9.349553397483636
2016,3,Buenos Aires,1574216,1355770,113463,18867,24276,3086592,5.914918008163684,60.14329545468815,18.295308597951934
2016,3,Capital Federal,447726,905105,36796,2514,10963,1403104,7.380172699207805,120.77287775101534,45.85472026772204
2016,3,Catamarca,26689,248,14,1,18,26970,4.725241179958494,26.48067675746367,6.72059087375157
2016,3,Chaco,56251,32730,232,2,15,89230,6.718220363245951,28.91074906848096,7.706877803276395
2016,3,Chubut,43987,935,916,13364,4750,63952,3.343866327984636,36.17869442878647,11.041169584989312
2016,3,Córdoba,348481,285480,2540,5695,395,642591,6.068526923518407,58.24381625803197,17.78550480431242
2016,3,Corrientes,55934,30813,217,1354,22,88340,5.958192561066714,31.066878826051184,8.161726730902307
2016,3,Entre Ríos,112588,61850,206,6441,64,181149,5.586427488329489,45.43514088447326,13.552371996148606
2016,3,Formosa,21800,5905,9,0,2,27716,5.416131006999096,18.639708302862847,4.733748023050463
2016,3,Jujuy,34250,8236,22,0,30,42538,4.215291130909006,22.605154265256864,5.76400350138348
2016,3,La Pampa,12751,45952,4910,6236,515,70364,3.144998426188228,61.73178543650905,20.294829381412075
2016,3,La Rioja,16891,0,15,2,22,16930,5.076731739002066,17.074559106484113,4.529887087279927
2016,3,Mendoza,153233,13030,2576,28,1757,170624,3.50729080145311,32.08835884566649,8.930444449562124
2016,3,Misiones,59776,38130,79,5,7,97997,6.741222269842242,29.905385775898186,8.121652823521027
2016,3,Neuquén,51752,44739,1093,12402,2617,112603,5.292166864731292,60.21485088853954,17.862151015228427
2016,3,Río Negro,67043,28496,942,3293,1252,101026,4.162924282482748,46.38796536215942,14.220201565227184
2016,3,Salta,80866,26113,90,157,565,107791,5.052874436550483,32.95583168118035,7.955372391224448
2016,3,San Juan,48670,451,770,1174,903,51968,3.4890674462877342,27.31712713599077,6.939188629814689
2016,3,San Luis,11432,1113,354,23,371,13293,3.503023774040168,9.630539686885156,2.7472425273887247
2016,3,Santa Cruz,15570,2722,817,4978,2170,26257,3.53583356483625,26.83520189545069,7.932484607529773
2016,3,Santa Fe,334911,223011,3037,4862,1190,567011,5.6772637615647845,52.67215036886248,16.529361932364445
2016,3,Santiago Del Estero,31730,3900,19,3,8,35660,4.670123087013555,15.329646578472886,3.794480871177055
2016,3,Tierra Del Fuego,22636,6276,665,1,2347,31925,3.47654537746248,68.94049249100736,20.307103192524696
2016,3,Tucumán,147259,3850,116,53,41,151319,5.544683260191403,37.89736341023836,9.35861636036972
2016,2,Buenos Aires,1579448,1305949,113070,21163,25661,3045291,5.415144367004824,59.33852679105808,18.09868456828956
2016,2,Capital Federal,450644,892209,36669,2390,12672,1394584,6.576218932459292,120.03953504825309,45.59375712104128
2016,2,Catamarca,26262,245,14,1,34,26556,4.3648359645166135,26.07418805974065,6.632980570132604
2016,2,Chaco,56112,31825,221,52,41,88251,6.297357510958081,28.5935505552226,7.642896733294073
2016,2,Chubut,43977,867,916,13293,4803,63856,3.335973498985547,36.12438565556337,11.074824787933132
2016,2,Córdoba,348891,277615,1709,5610,1089,634914,5.516912823002807,57.54798052828644,17.620348014320207
2016,2,Corrientes,55511,29845,203,1354,43,86956,5.601822569524247,30.58016204661656,8.053039893831306
2016,2,Entre Ríos,112809,58768,169,6434,193,178373,5.131142783301248,44.73887454518738,13.377306134693264
2016,2,Formosa,22101,5658,6,1023,14,28802,5.104132195866278,19.370070664564,4.930439412017454
2016,2,Jujuy,33758,7374,22,0,35,41189,3.843353043958065,21.888281043576683,5.597761384701527
2016,2,La Pampa,12754,44654,4708,6225,547,68888,3.146067806525381,60.43686025737927,19.91385540427254
2016,2,La Rioja,16691,0,15,2,28,16736,4.773843067001075,16.878902611111524,4.4934890589340855
2016,2,Mendoza,153321,13030,2576,29,1868,170824,3.500168567871608,32.12597179442594,8.96594364845842
2016,2,Misiones,59573,36145,77,5,15,95815,6.233660566754793,29.23951282302197,7.964976216879448
2016,2,Neuquén,51742,42370,1088,12466,2849,110515,4.86640695565863,59.09828553366204,17.594175765043765
2016,2,Río Negro,67031,28100,939,3300,1334,100704,3.976616411905147,46.24011307812744,14.224291356155328
2016,2,Salta,79438,24719,85,151,539,104932,4.749378935322928,32.08172602508202,7.770812428027119
2016,2,San Juan,48670,451,770,1214,908,52013,3.4883718294284334,27.34078151409113,6.964997582946448
2016,2,San Luis,11432,1063,354,30,377,13256,3.501983369175627,9.60373385160232,2.7487304539676813
2016,2,Santa Cruz,15453,2722,396,4996,2586,26153,3.5021150276004565,26.728911725319804,7.955357767523354
2016,2,Santa Fe,336244,219088,2981,4744,1417,564474,5.1385985309185065,52.43647725937112,16.489119309020037
2016,2,Santiago Del Estero,32101,3900,19,911,30,36961,4.309815179590645,15.888925047306124,3.943453095409565
2016,2,Tierra Del Fuego,22636,5707,665,1,2350,31359,3.478692463211772,67.71824288255286,20.081326844262296
2016,2,Tucumán,145486,2968,116,58,49,148677,5.200979761760874,37.23568289338424,9.22451233434258
2016,1,Buenos Aires,1583560,1200859,111231,21108,25757,2942515,4.9921684374839135,57.33590782254113,17.53507921643952
2016,1,Capital Federal,454425,832126,36332,2284,12729,1337896,6.047403702811701,115.16005888884816,43.75778412718348
2016,1,Catamarca,26096,243,15,1,34,26389,4.203588449295134,25.91021798119053,6.606879526910472
2016,1,Chaco,56353,29994,211,52,41,86651,5.991472683208309,28.07514644775236,7.524734075579937
2016,1,Chubut,43967,834,916,13280,4803,63800,3.3796639330714164,36.0927055378499,11.115931499378869
2016,1,Córdoba,350884,252346,674,5636,386,609926,5.156801617049669,55.283092783740216,16.972666239608547
2016,1,Corrientes,55454,28491,192,1354,45,85536,5.37127911707625,30.08078500413305,7.940601449315725
2016,1,Entre Ríos,113101,54948,146,6425,193,174813,5.084574905605243,43.84596814466226,13.142540095674788
2016,1,Formosa,21852,5420,5,1023,14,28314,4.872333380420963,19.041878369434937,4.858053690123639
2016,1,Jujuy,33481,6751,22,0,35,40289,3.7712213425983374,21.41001128856396,5.491800261988138
2016,1,La Pampa,12754,41881,4536,6209,549,65929,3.04764203627926,57.84086865504526,19.10177142426684
2016,1,La Rioja,16645,0,16,2,28,16691,4.616973938050446,16.83351837249417,4.4969582015400285
2016,1,Mendoza,153299,13030,2576,34,1871,170810,3.5028689229788785,32.12333888801278,8.990567825336337
2016,1,Misiones,59538,33330,70,5,15,92958,6.000968717380309,28.36765259095629,7.751215322654614
2016,1,Neuquén,51702,36122,1085,12502,2850,104261,4.420493149015266,55.75393700425406,16.65921009321782
2016,1,Río Negro,66894,27312,937,3341,1338,99822,3.826659196828916,45.83512638708331,14.14929460475045
2016,1,Salta,78973,22741,73,132,507,102426,4.741858784571524,31.315545971153234,7.611315093107192
2016,1,San Juan,48670,451,770,1195,908,51994,3.485523490760477,27.330794110004312,6.982387580659241
2016,1,San Luis,11432,1042,354,27,377,13232,3.5029004392386534,9.586346282770212,2.752950183918377
2016,1,Santa Cruz,15654,2723,396,5088,2426,26287,3.48315808971074,26.86586252145,8.051419802811122
2016,1,Santa Fe,338052,204816,3014,4686,1428,551996,4.898136028952046,51.27734085407622,16.157804349232396
2016,1,Santiago Del Estero,32838,3900,19,911,30,37698,4.174011564306923,16.205749206821952,4.032855070541266
2016,1,Tierra Del Fuego,22636,4834,665,1,2350,30486,3.475082632716791,65.83304163135006,19.6541853628346
2016,1,Tucumán,144233,2165,116,74,49,146637,5.004036640679885,36.72477136636591,9.127106142747772
2015,4,Buenos Aires,1586343,1223603,103269,20397,25773,2959385,4.884148905856541,58.29182182733718,17.683348856285942
2015,4,Capital Federal,455427,879950,19818,2273,12758,1370226,5.927803522979041,118.13036321153808,44.832983780989366
2015,4,Catamarca,26180,242,15,1,34,26472,4.124268369158702,26.23945178859185,6.643394374998431
2015,4,Chaco,56818,29456,186,52,41,86553,5.828384180790961,28.35056623514143,7.53670916277073
2015,4,Chubut,43968,811,916,13521,4803,64019,3.283865031613298,36.89017827786587,11.205552103480567
2015,4,Córdoba,353530,266062,480,5613,385,626070,5.067081493268407,57.364881766079215,17.46916799414709
2015,4,Corrientes,55681,28178,177,1354,45,85435,5.259482120492081,30.33643144533882,7.950363156694786
2015,4,Entre Ríos,113983,53411,122,6427,194,174137,5.007855905299356,44.10854807300098,13.123962308090588
2015,4,Formosa,21734,5314,4,1023,14,28089,4.660308568580684,19.06549151678632,4.830563127165791
2015,4,Jujuy,32934,6933,22,0,35,39924,3.724680475892298,21.47147379391073,5.458341251601313
2015,4,La Pampa,12755,42705,4327,6205,374,66366,2.936747707229629,58.75633720012275,19.272161272149656
2015,4,La Rioja,16886,0,16,2,28,16932,4.521671863926294,17.315778648410653,4.577775134234902
2015,4,Mendoza,153293,13030,2572,38,1874,170807,3.5017779300891023,32.48895249500142,9.015907568565332
2015,4,Misiones,60252,32533,48,5,15,92853,5.9022914436487,28.68665889154237,7.766317103077486
2015,4,Neuquén,51680,38902,1048,12934,2852,107416,4.355592861552936,58.2893377687955,17.22630452981118
2015,4,Río Negro,66851,27221,915,3407,1328,99722,3.768932299598505,46.43948111494307,14.185024658290292
2015,4,Salta,78744,22446,47,129,554,101920,4.673467038141578,31.593492648071862,7.599850568087338
2015,4,San Juan,48670,451,770,1230,908,52029,3.481604116955732,27.6648539357743,7.007150043164227
2015,4,San Luis,11432,1025,354,30,377,13218,3.502937425860024,9.705768984506312,2.759291577250979
2015,4,Santa Cruz,15614,2723,396,5261,2409,26403,3.4809679619106126,27.74476906647967,8.143243109871943
2015,4,Santa Fe,339843,212911,2885,4596,1437,561672,4.809873774553555,52.60808978585806,16.474943169318767
2015,4,Santiago Del Estero,33582,4365,19,1139,30,39135,4.094101691450764,17.00497803803607,4.197822731421939
2015,4,Tierra Del Fuego,22636,4301,665,1,2350,29953,3.4748248642417257,66.46220433623792,19.441920240938828
2015,4,Tucumán,144188,1653,116,88,50,146095,4.882297946330778,37.06217328329588,9.122607419100431
2015,3,Buenos Aires,1585467,1183894,113590,19989,25825,2928765,4.700597914270459,57.68868105608009,17.5478839831824
2015,3,Capital Federal,454815,871262,30974,2229,12788,1372068,5.66468043459464,118.2892111643196,44.91109222814752
2015,3,Catamarca,25801,242,15,1,34,26093,3.884563872599747,25.863781184637624,6.5638473961451576
2015,3,Chaco,56282,28809,186,52,41,85370,5.46643296553986,27.96307279347941,7.454020298824401
2015,3,Chubut,43964,792,916,13408,4803,63883,3.2790384114749496,36.81180991463324,11.233578169758337
2015,3,Córdoba,351692,264055,1450,5412,389,622998,4.867849001225086,57.08340378951846,17.430734989025318
2015,3,Corrientes,55792,27604,176,1340,47,84959,5.063473816782213,30.16741240901903,7.925191135920119
2015,3,Entre Ríos,113909,51945,122,6261,197,172434,4.766712366729086,43.67718163526334,13.027710914374044
2015,3,Formosa,21573,5264,2,899,14,27752,4.166164102194515,18.83675177378525,4.783639923880968
2015,3,Jujuy,32598,6895,22,0,35,39550,3.532724551201011,21.2703333470887,5.423454555427568
2015,3,La Pampa,12755,41886,4078,6195,557,65471,2.9149322141427945,57.96395975091518,19.055588379965016
2015,3,La Rioja,16725,0,16,2,28,16771,4.245850575398008,17.151129442032545,4.550079085806065
2015,3,Mendoza,153299,13030,2572,42,1880,170823,3.500160951021911,32.49199583186653,9.042401990754488
2015,3,Misiones,59921,31635,46,5,15,91622,5.634289050903693,28.306345093436885,7.687041384274881
2015,3,Neuquén,47102,36620,1045,13051,2798,100616,4.2299439848957405,54.59931489671118,16.195213031371225
2015,3,Río Negro,66806,27130,917,3415,1346,99614,3.7368314562024914,46.389186656745146,14.21984560217436
2015,3,Salta,78064,21688,47,129,645,100573,4.4218314129775615,31.17594521285844,7.525378783060509
2015,3,San Juan,48670,451,770,1231,908,52030,3.4810928203738825,27.66538565566005,7.027462887351242
2015,3,San Luis,11432,1025,354,31,377,13219,3.502753871598256,9.70650326873876,2.7688118552652248
2015,3,Santa Cruz,15540,2718,396,5226,2391,26271,3.480687744358588,27.60606098342944,8.159354482038923
2015,3,Santa Fe,337042,209673,4169,4426,1428,556738,4.559895452402629,52.14595474084349,16.3639671637834
2015,3,Santiago Del Estero,33886,4365,19,1097,30,39397,3.911237321691457,17.11882253135319,4.237302719178804
2015,3,Tierra Del Fuego,22636,8085,665,1,2350,33737,3.477721056932716,74.85845784033849,22.04802112197417
2015,3,Tucumán,142925,1135,116,88,50,144314,4.572318667230303,36.61035952774264,9.04046893117945
2015,2,Buenos Aires,1581770,1141052,115660,19268,26040,2883790,4.463495663548014,56.80280561439208,17.32566254457297
2015,2,Capital Federal,453178,858342,19786,2172,12806,1346284,5.31214873823781,116.06627091860372,44.08485428379352
2015,2,Catamarca,25387,242,15,1,34,25679,3.6825082950385535,25.45341804469818,6.475144864314208
2015,2,Chaco,55767,27809,179,52,41,83848,5.194771414259476,27.46453938839946,7.341229538625331
2015,2,Chubut,43949,762,916,13055,4803,63485,3.216571647485116,36.58246720458481,11.21567809935022
2015,2,Córdoba,348130,255596,435,5199,386,609746,4.557937666200854,55.86916350781819,17.106520102782877
2015,2,Corrientes,55238,26553,157,1321,47,83316,4.847197637993736,29.584012668108493,7.790823368355694
2015,2,Entre Ríos,113378,49767,119,6031,197,169492,4.55056996750087,42.93197901645878,12.837181261223597
2015,2,Formosa,21097,5164,2,737,50,27050,3.7649156840276494,18.36026720527858,4.673478484721786
2015,2,Jujuy,32183,5482,22,0,35,37722,3.408678843146092,20.287219077594944,5.188392481356063
2015,2,La Pampa,12756,40825,3719,6190,562,64052,2.8626566401062417,56.70766522530004,18.68532904697588
2015,2,La Rioja,16463,0,16,2,28,16509,4.001551396208129,16.883190981963825,4.494678751214943
2015,2,Mendoza,153301,13030,2572,38,1882,170823,3.4997241088624933,32.49199583186653,9.0682944930269
2015,2,Misiones,59179,29283,37,5,15,88519,5.327562649676923,27.34768244882168,7.449815014930095
2015,2,Neuquén,47078,34183,1044,12781,2799,97885,4.059617737533036,53.11733659323144,15.814175161962616
2015,2,Río Negro,66738,26268,916,3457,1348,98727,3.666734448621427,45.97612013432327,14.14343856592951
2015,2,Salta,77214,20297,47,129,580,98267,4.218121645686839,30.46112384270092,7.378443804380798
2015,2,San Juan,48670,451,770,1189,908,51988,3.478919289066708,27.64305342045848,7.042097078751527
2015,2,San Luis,11432,1025,354,33,377,13221,3.5027709531013613,9.707971837203658,2.778618445940834
2015,2,Santa Cruz,15343,2707,396,4917,2400,25763,3.47332349743749,27.07224502744824,8.058063850217536
2015,2,Santa Fe,333117,204685,2877,4320,1389,546388,4.303196181656382,51.17653890867876,16.093025858679276
2015,2,Santiago Del Estero,33873,4365,19,1091,30,39378,3.728811295360471,17.110566632982863,4.2466687085071415
2015,2,Tierra Del Fuego,22636,7927,665,1,2350,33579,3.47751587628866,74.50787431664719,22.09595378004725
2015,2,Tucumán,139944,479,116,88,50,140677,4.306812767469965,35.68770560918727,8.841187690702666
2015,1,Buenos Aires,1583135,1096836,134177,18754,28940,2861842,4.323803709346771,56.37048433026737,17.241393436944044
2015,1,Capital Federal,454934,841743,19334,1994,14716,1332721,4.999711683876372,114.89699714890288,43.65872499007399
2015,1,Catamarca,25033,241,16,1,41,25332,3.483603660962992,25.10946633078758,6.403016990794336
2015,1,Chaco,54952,26161,164,27,56,81360,4.899908797030372,26.649591220305552,7.143089175357747
2015,1,Chubut,45645,717,906,12540,5465,65273,3.213156577759796,37.61278068590792,11.585798774556787
2015,1,Córdoba,343883,247564,415,4645,450,596957,4.304279282006848,54.69734650188214,16.79362190248589
2015,1,Corrientes,54649,25372,129,1319,62,81531,4.628190221393157,28.95019128190928,7.642568763996284
2015,1,Entre Ríos,112363,47411,108,5943,245,166070,4.3467465057866335,42.06519337351208,12.609336086982932
2015,1,Formosa,21022,4951,1,670,56,26700,3.3811501123595504,18.12270367397183,4.62384901660949
2015,1,Jujuy,31505,5048,22,0,36,36611,3.241902108598274,19.68971363262363,5.050879913471037
2015,1,La Pampa,13143,39571,3215,6164,604,62697,2.8340995102178685,55.50803232733774,18.33234893363197
2015,1,La Rioja,16282,0,16,2,33,16333,3.780402106036489,16.703201787413843,4.462324463144091
2015,1,Mendoza,152433,13030,2542,29,2126,170160,3.499130670898351,32.36588756051825,9.059236417534116
2015,1,Misiones,58262,26836,30,5,13,85146,4.973004251321198,26.305604105190643,7.1884830279667495
2015,1,Neuquén,47518,32152,1024,12088,2960,95742,3.911491638198585,51.95443673810251,15.526250068921229
2015,1,Río Negro,66274,25217,907,3473,1462,97333,3.585297088257377,45.32694907202778,13.99387526238606
2015,1,Salta,76280,19781,47,129,574,96811,4.022777936163619,30.00978823344275,7.294642964784741
2015,1,San Juan,48441,451,755,1165,1007,51819,3.4769891700932414,27.553192759766446,7.039582453142129
2015,1,San Luis,11414,1025,351,30,412,13232,3.5009942704654264,9.716048963760594,2.790401457622043
2015,1,Santa Cruz,16215,2700,392,4772,2562,26641,3.474217030667377,27.994863943494483,8.391896957421542
2015,1,Santa Fe,328809,199037,2845,4239,1507,536437,4.063283068408137,50.24449475931921,15.832773292036377
2015,1,Santiago Del Estero,33813,4365,19,1020,35,39252,3.571104125126239,17.0558169911586,4.244468954778434
2015,1,Tierra Del Fuego,22291,7924,657,1,2583,33456,3.453878085751408,74.23495170010268,22.16715476458662
2015,1,Tucumán,137857,115,116,88,100,138276,4.071078040242438,35.07860688538978,8.71860866450986
2014,4,Buenos Aires,1575978,1070135,120528,17728,32038,2816407,4.198943508236657,56.09433653019754,17.0147634301905
2014,4,Capital Federal,455785,840224,17155,1962,15394,1330520,4.7817877112755625,114.89676550801624,43.604620676636536
2014,4,Catamarca,25192,241,16,0,44,25493,3.336005334797788,25.513779082748,6.459254980059493
2014,4,Chaco,55024,10918,31,0,62,66035,3.977400363306085,21.87078320023224,5.81368220415458
2014,4,Chubut,48539,697,891,12256,6159,68542,3.174649158131256,40.24927468450274,12.22355578461917
2014,4,Córdoba,345157,240452,419,3918,486,590432,4.092903062184572,54.69689679332299,16.655707331301695
2014,4,Corrientes,54754,9526,40,1315,75,65710,3.806112311672501,23.56243099277512,6.174655065970425
2014,4,Entre Ríos,112291,23027,57,5178,260,140813,3.800051787110069,36.0254708519679,10.718328095183365
2014,4,Formosa,21245,4896,1,0,65,26207,3.023326617826618,17.956311361695214,4.549162969289201
2014,4,Jujuy,31349,4583,22,37,11,36002,3.127642108190794,19.59941818052116,4.982003512117359
2014,4,La Pampa,16043,34281,514,5894,648,57380,2.754208730637699,51.273133452228585,16.816524623987434
2014,4,La Rioja,16352,0,17,0,33,16402,3.582023899524448,17.01075088723615,4.496901902725229
2014,4,Mendoza,151797,13030,2534,31,2222,169614,3.498767768599914,32.63838187615034,9.056377705209336
2014,4,Misiones,58435,18613,16,150,15,77229,4.025619961413459,24.162430605588312,6.540662222041546
2014,4,Neuquén,47721,31778,1014,11853,3030,95396,3.850772582597391,52.55498969724957,15.52866412077054
2014,4,Río Negro,66307,23703,901,3819,1530,96260,3.543129254254254,45.47806275120403,13.88953018584786
2014,4,Salta,76026,17289,48,6,578,93947,3.862259431502549,29.534861619577978,7.103785883014793
2014,4,San Juan,48653,451,740,1202,1073,52119,3.4752201692281126,28.03714571456068,7.100961754619733
2014,4,San Luis,11419,926,355,24,423,13147,3.503621206358865,9.786393366351197,2.781956955527201
2014,4,Santa Cruz,17553,448,388,4395,2929,25713,3.3330261837139634,27.802678969652344,8.15757414246012
2014,4,Santa Fe,335267,183009,3205,6282,1634,529397,3.780707860716513,49.99962302348271,15.657532856900756
2014,4,Santiago Del Estero,34110,4231,19,920,37,39317,3.4582244726597287,17.26920158364512,4.26296198713424
2014,4,Tierra Del Fuego,21948,3664,655,1,2722,28990,3.4747244698924056,66.13781947338316,19.341882280727507
2014,4,Tucumán,137093,97,116,13,105,137424,3.860612310244953,35.32087516932818,8.693215352295233
2014,3,Buenos Aires,1562533,1110628,124474,20049,31881,2849565,3.969046991173242,56.75473916407103,17.26299843234104
2014,3,Capital Federal,450155,833402,17886,1995,14387,1317825,4.437380943390075,113.8005123324155,43.20639959292724
2014,3,Catamarca,24380,244,15,0,47,24686,2.915176175040519,24.706121305327624,6.269890252791938
2014,3,Chaco,53321,10336,29,1,59,63746,3.461947812450996,21.112666705262427,5.627757222300207
2014,3,Chubut,49219,668,882,11853,6515,69137,3.165741790763976,40.59867094427454,12.388234071451354
2014,3,Córdoba,340212,240334,444,4064,377,585431,3.6600622495599104,54.23361028299935,16.5601374978714
2014,3,Corrientes,52957,9184,31,1312,65,63549,3.410927776641118,22.78753503515243,5.9862826719116935
2014,3,Entre Ríos,108907,22440,48,5203,135,136733,3.3996079417526825,34.981647333712985,10.433826435850124
2014,3,Formosa,21021,4836,0,0,80,25937,2.656283015230384,17.771314831468263,4.5129252671268265
2014,3,Jujuy,30128,3541,22,37,13,33741,2.9307053902518616,18.368534215570367,4.68339443034039
2014,3,La Pampa,16051,33940,538,11219,677,62425,2.816519545748315,55.78120173850417,18.33753400191527
2014,3,La Rioja,15864,0,14,1,37,15916,3.095178784641488,16.50671327406722,4.379035874747908
2014,3,Mendoza,150120,13030,2512,40,2222,167924,3.5028531768490665,32.313179561655694,8.992236937014606
2014,3,Misiones,56933,18373,4,3,14,75327,3.5775238575714927,23.567356954345527,6.399773666851879
2014,3,Neuquén,54458,30964,1000,12858,3087,102367,3.7429104879160966,56.39541102706976,16.726688649309313
2014,3,Río Negro,65264,26590,888,3533,1505,97780,3.4799791702900404,46.19618715783015,14.159932806209634
2014,3,Salta,73828,18394,43,109,580,92954,3.4109103624880306,29.2226843537979,7.053549273694012
2014,3,San Juan,48272,451,731,1199,1126,51779,3.473725985590389,27.854244478102743,7.0752480415613945
2014,3,San Luis,11303,925,355,25,438,13046,3.503113190184049,9.711210759672754,2.770051341285783
2014,3,Santa Cruz,17862,492,385,4273,3098,26110,3.3073222601557406,28.231942904274984,8.34323913237982
2014,3,Santa Fe,325577,183630,4407,6540,733,520887,3.375592912249111,49.19588444557267,15.43798865461788
2014,3,Santiago Del Estero,32820,3900,19,768,41,37548,3.0995465103889184,16.49220390830193,4.082169590293595
2014,3,Tierra Del Fuego,21840,3469,650,1,2832,28792,3.470981711419659,65.68610204476191,19.344392262780588
2014,3,Tucumán,131739,97,117,13,100,132066,3.349897526769352,33.94375582221807,8.381678430058432
2014,2,Buenos Aires,1568881,1025490,120008,17020,33147,2764546,3.851862760043666,55.06141695143392,16.794925434991658
2014,2,Capital Federal,447637,828411,17729,1883,14555,1310215,4.249991223638481,113.1433524754098,42.974776961427445
2014,2,Catamarca,24380,243,17,0,43,24683,2.915358424826804,24.703118860058403,6.284355435383139
2014,2,Chaco,53321,9870,30,0,58,63279,3.4206301023632,20.95799636749445,5.602127567276613
2014,2,Chubut,51070,649,866,10960,6974,70519,3.156405252857589,41.41020981991258,12.696289361395674
2014,2,Córdoba,337825,234729,351,3673,374,576952,3.5567859606832632,53.448126115626,16.365408420405306
2014,2,Corrientes,52883,8680,31,1309,55,62958,3.3669705989802563,22.575613003243586,5.945267054468535
2014,2,Entre Ríos,108900,21706,49,4795,133,135583,3.312400309974538,34.687432371459764,10.372072065869386
2014,2,Formosa,20894,4628,0,0,78,25600,2.6523512500000006,17.54041175485166,4.464869672895974
2014,2,Jujuy,30128,4161,23,40,9,34361,2.7690316794782204,18.706060999413573,4.784095434078587
2014,2,La Pampa,15957,32600,513,5869,689,55628,2.684576055426866,49.70759616034458,16.379048903362197
2014,2,La Rioja,15864,0,14,0,34,15912,3.095153343388638,16.502564816345664,4.393383418787844
2014,2,Mendoza,148979,13030,2480,36,2282,166807,3.503033182060705,32.098238150241194,8.95860097015214
2014,2,Misiones,56933,17594,4,150,8,74689,3.540023885712756,23.367747601299843,6.365807425994047
2014,2,Neuquén,47767,29776,997,10765,2983,92288,3.6647043380451545,50.84274905844866,15.137568029498311
2014,2,Río Negro,64920,24944,876,3657,1560,95957,3.4286257504445143,45.33491032014632,13.946569423268942
2014,2,Salta,73841,17504,45,7,577,91974,3.391137751108792,28.91459400086288,7.004015501526469
2014,2,San Juan,48161,451,722,1139,1173,51646,3.4724840645935795,27.782697817958912,7.077771062624967
2014,2,San Luis,11306,925,354,22,448,13055,3.5041044810417468,9.717910199871824,2.781512264860477
2014,2,Santa Cruz,18956,448,381,4118,3266,27169,3.31815166016344,29.377007153054272,8.744673181156902
2014,2,Santa Fe,324101,178495,3085,6041,636,512358,3.3116910410979234,48.39035138670138,15.216957428230304
2014,2,Santiago Del Estero,32820,4231,19,907,34,38011,3.0697509211495944,16.695567347354444,4.143683147939005
2014,2,Tierra Del Fuego,21618,3008,648,1,2934,28209,3.470095986812908,64.35604517159936,19.08631433655622
2014,2,Tucumán,131740,97,121,13,98,132069,3.34994476711167,33.94452688568229,8.409488588173268
2014,1,Buenos Aires,1567685,1000879,120960,16528,33824,2739876,3.7331327999829305,54.57007287943976,16.692346018019045
2014,1,Capital Federal,445569,820161,17767,1866,14555,1299918,4.024081510870217,112.25412278926912,42.655071630586406
2014,1,Catamarca,24126,46,17,0,43,24232,2.8027344007923407,24.25175125458556,6.184614520776599
2014,1,Chaco,52971,9497,30,0,58,62556,3.2558373037444444,20.71853886384081,5.553671463702625
2014,1,Chubut,51066,539,866,10776,6974,70221,3.1759166751464583,41.23521807972435,12.703590133239262
2014,1,Córdoba,336841,225769,347,3585,368,566910,3.3874045815248133,52.51784754400632,16.125183143749393
2014,1,Corrientes,52565,8279,31,1306,55,62236,3.2186250823491607,22.31671671383888,5.891708288681968
2014,1,Entre Ríos,107883,21379,49,4887,133,134331,3.1672900899827185,34.367121821250166,10.302247104839328
2014,1,Formosa,20774,4548,0,0,100,25422,2.573729210919676,17.418451079368708,4.444467754793774
2014,1,Jujuy,29765,4030,23,0,9,33827,2.690263349406857,18.41535244687765,4.724302778829112
2014,1,La Pampa,15826,31305,513,5848,701,54193,2.64721042446136,48.42532103828204,15.994061954006703
2014,1,La Rioja,15663,0,14,0,34,15711,2.964740372987079,16.294104815837528,4.353174900044055
2014,1,Mendoza,148970,12076,2480,37,2282,165845,3.502680556555116,31.91312298660578,8.933318322823283
2014,1,Misiones,56597,17191,4,150,8,73950,3.403126267679909,23.13653864847733,6.323160981949705
2014,1,Neuquén,47790,28161,997,10381,3051,90380,3.5493016508254125,49.79160519138556,14.882265766507492
2014,1,Río Negro,64886,24156,876,3576,1572,95066,3.353796318189495,44.913957131788514,13.867842232252002
2014,1,Salta,73131,17538,45,8,568,91290,3.3009019792545207,28.69955950963068,6.976877486214764
2014,1,San Juan,48161,434,722,808,1173,51298,3.4691384597491712,27.59549302299609,7.050796578649686
2014,1,San Luis,11306,428,354,21,448,12557,3.5028153221310823,9.347207842190002,2.684668505334274
2014,1,Santa Cruz,18927,100,381,4092,3264,26764,3.315991479820628,28.939093063577776,8.677326900880571
2014,1,Santa Fe,322662,174296,3059,5951,644,506612,3.1474068452786788,47.84766256547095,15.077800919408592
2014,1,Santiago Del Estero,32567,3598,19,915,34,37133,2.949471721499205,16.309923503967603,4.058899015580628
2014,1,Tierra Del Fuego,21618,2837,648,1,2934,28038,3.446887937323564,63.965925574153744,19.10492102645171
2014,1,Tucumán,129717,83,121,13,98,130032,3.208341823551126,33.4209747934719,8.307214637543202
